"0.286148","0.289225","0.300903","0.303648","0.302607","0.290458","0.273405","0.281920",
"0.334511","0.346350","0.344713","0.334408","0.336378","0.330506","0.321076","0.323205",
"0.345368","0.335799","0.334442","0.341743","0.344213","0.353107","0.357397","0.354653",
"0.341112","0.333058","0.338741","0.346003","0.345568","0.342559","0.345933","0.349284",
"0.348644","0.332605","0.318762","0.317899","0.323822","0.332427","0.345195","0.351050",
"0.331486","0.347611","0.359196","0.365414","0.355101","0.324990","0.313843","0.319904",
"0.311847","0.321106","0.338496","0.341983","0.340284","0.336074","0.323992","0.311998",
"0.328034","0.345406","0.367822","0.377678","0.371418","0.355394","0.334712","0.320341",
"0.336341","0.340271","0.343445","0.340472","0.333984","0.323497","0.325428","0.332738",
"0.358502","0.361338","0.357663","0.344854","0.325524","0.316396","0.323772","0.343429",
"0.347651","0.344312","0.352150","0.359571","0.365820","0.362819","0.358335","0.355775",
"0.325999","0.339776","0.362115","0.370127","0.360635","0.343136","0.325405","0.322084",
"0.319577","0.332125","0.354257","0.372586","0.375167","0.360375","0.336042","0.326432",
"0.351076","0.362739","0.363083","0.362975","0.367736","0.367389","0.365255","0.357463",
"0.355761","0.360593","0.358834","0.355140","0.348419","0.341002","0.337951","0.344878",
"0.303712","0.298682","0.307502","0.320467","0.322321","0.316280","0.306029","0.305725",
"0.360210","0.361209","0.348324","0.330583","0.313065","0.307670","0.325904","0.345057",
"0.352106","0.350626","0.345935","0.357219","0.357013","0.341586","0.337195","0.349377",
"0.344667","0.347085","0.346931","0.343423","0.340139","0.340582","0.340884","0.346522",
"0.372274","0.363289","0.355046","0.355375","0.362523","0.366005","0.371990","0.374826",
"0.357760","0.358658","0.359118","0.370499","0.376729","0.371701","0.369107","0.365146",
"0.355463","0.360720","0.360075","0.348453","0.329881","0.321003","0.321415","0.339276",
"0.364369","0.361078","0.358005","0.351198","0.341119","0.332087","0.338110","0.355387",
"0.313426","0.331780","0.349743","0.354849","0.358208","0.347668","0.332713","0.320035",
"0.325785","0.325339","0.327455","0.332406","0.332704","0.322771","0.311120","0.315179",
"0.325039","0.304824","0.301743","0.313314","0.327716","0.341260","0.349137","0.344606",
"0.328786","0.335684","0.349011","0.354747","0.353609","0.340700","0.331012","0.329239",
"0.351287","0.345312","0.345723","0.352244","0.359829","0.365745","0.370005","0.365210",
"0.347347","0.340967","0.334126","0.330327","0.331756","0.335610","0.337871","0.345453",
"0.335875","0.322647","0.318528","0.316699","0.325011","0.329677","0.336019","0.341599",
"0.344821","0.345238","0.343487","0.354468","0.369061","0.370899","0.361259","0.350447",
"0.354451","0.349319","0.359001","0.366663","0.366378","0.358787","0.359400","0.359639",
"0.354352","0.364973","0.357170","0.350604","0.346978","0.338426","0.336500","0.345624",
"0.381413","0.386844","0.376000","0.356418","0.349618","0.347419","0.354241","0.368145",
"0.347295","0.348678","0.351899","0.360492","0.363400","0.358473","0.348071","0.346575",
"0.357877","0.357024","0.351756","0.349818","0.344351","0.336398","0.338890","0.352420",
"0.344171","0.339503","0.335017","0.340650","0.342257","0.344392","0.351553","0.352693",
"0.354277","0.345433","0.342043","0.341762","0.345211","0.352080","0.354637","0.360585",
"0.345999","0.350262","0.352714","0.353300","0.341280","0.337156","0.334951","0.335324",
"0.326196","0.334184","0.341383","0.339892","0.331130","0.327888","0.327616","0.324797",
"0.362587","0.348385","0.333439","0.329223","0.341665","0.355009","0.366224","0.371540",
"0.323038","0.351508","0.371359","0.374004","0.354886","0.333734","0.316607","0.310801",
"0.352155","0.352474","0.357689","0.367638","0.381375","0.374367","0.360636","0.354097",
"0.372281","0.363968","0.352677","0.346587","0.347444","0.349523","0.354712","0.368834",
"0.333779","0.323081","0.332600","0.347946","0.354881","0.353027","0.349677","0.340487",
"0.334653","0.341436","0.342665","0.340037","0.326798","0.320509","0.327124","0.332689",
"0.363309","0.377539","0.376245","0.373073","0.362373","0.352387","0.349324","0.352888",
"0.354818","0.346663","0.336938","0.332876","0.327731","0.326379","0.336443","0.351694",
"0.343544","0.345024","0.349167","0.355364","0.356408","0.356088","0.353028","0.348126",
"0.378240","0.379606","0.365404","0.347822","0.339977","0.336304","0.342422","0.366864",
"0.346788","0.343914","0.332928","0.318466","0.308227","0.301415","0.323165","0.342903",
"0.367918","0.361851","0.363743","0.365691","0.361078","0.364916","0.361738","0.364451",
"0.347325","0.346850","0.353721","0.346125","0.338767","0.326579","0.332109","0.346095",
"0.360097","0.366111","0.366824","0.366311","0.365200","0.354813","0.347329","0.349363",
"0.353072","0.365382","0.367132","0.362774","0.354862","0.346146","0.339174","0.341535",
"0.355451","0.357211","0.352431","0.348651","0.359289","0.373420","0.380880","0.374148",
"0.344733","0.348581","0.353317","0.359094","0.350861","0.339378","0.330460","0.336383",
"0.348870","0.361079","0.357984","0.357358","0.347528","0.330226","0.322856","0.332867",
"0.376280","0.372274","0.345093","0.318202","0.307007","0.309993","0.328603","0.360402",
"0.329946","0.317793","0.318556","0.326295","0.335515","0.338475","0.337010","0.339002",
"0.350670","0.358374","0.353232","0.343032","0.330678","0.315521","0.313573","0.329363",
"0.370032","0.380713","0.374479","0.346210","0.324285","0.312373","0.317829","0.346153",
"0.348441","0.340281","0.338468","0.347921","0.360465","0.360652","0.354120","0.358000",
"0.354240","0.368804","0.372064","0.360756","0.341756","0.324250","0.320897","0.335245",
"0.322371","0.322513","0.329250","0.338220","0.347281","0.343625","0.335298","0.329734",
"0.319324","0.322334","0.334313","0.335749","0.339336","0.337812","0.328783","0.318487",
"0.344140","0.346222","0.349943","0.358386","0.355878","0.347540","0.341806","0.343757",
"0.357604","0.347882","0.343868","0.357331","0.381302","0.388764","0.378804","0.369480",
"0.333520","0.338706","0.345737","0.348851","0.344060","0.332370","0.327873","0.329573",
"0.360502","0.348443","0.333706","0.332091","0.337687","0.351090","0.357960","0.364465",
"0.342673","0.354778","0.367740","0.370800","0.363970","0.353207","0.333536","0.332639",
"0.327903","0.308123","0.295747","0.296889","0.310392","0.319536","0.326605","0.336382",
"0.347765","0.341036","0.329149","0.330855","0.342196","0.353521","0.351562","0.353989",
"0.344101","0.336529","0.326130","0.320847","0.332321","0.336071","0.336811","0.343709",
"0.330253","0.341805","0.348630","0.353737","0.351366","0.336318","0.316702","0.318067",
"0.330390","0.355393","0.375893","0.373927","0.346792","0.326358","0.315308","0.318335",
"0.363039","0.356542","0.349197","0.345272","0.351135","0.349781","0.352897","0.360907",
"0.355236","0.360304","0.358415","0.369714","0.384337","0.381052","0.368068","0.354382",
"0.380116","0.369933","0.352047","0.329045","0.313045","0.316176","0.345815","0.378104",
"0.376697","0.373155","0.366178","0.350598","0.341000","0.347075","0.361970","0.374338",
"0.349359","0.347446","0.346754","0.354258","0.362632","0.353794","0.345896","0.346043",
"0.332964","0.312201","0.298417","0.304081","0.324738","0.338109","0.341572","0.342986",
"0.363959","0.370587","0.364773","0.358742","0.350491","0.341831","0.341594","0.355430",
"0.314102","0.334753","0.357681","0.369466","0.363431","0.347629","0.331249","0.318223",
"0.351176","0.355741","0.346634","0.337466","0.327667","0.318756","0.315702","0.334150",
"0.335673","0.330706","0.327892","0.329777","0.342205","0.346082","0.347823","0.343530",
"0.375826","0.361678","0.335936","0.312326","0.310740","0.324722","0.348778","0.372306",
"0.370819","0.354506","0.335646","0.321346","0.312849","0.315936","0.337719","0.365193",
"0.324076","0.336787","0.349163","0.352885","0.352313","0.338225","0.322419","0.315544",
"0.339322","0.334815","0.327770","0.325038","0.342105","0.359977","0.353282","0.344356",
"0.341081","0.346164","0.347867","0.350794","0.350141","0.342642","0.338409","0.335538",
"0.328181","0.333302","0.344491","0.359202","0.364683","0.353193","0.344693","0.336839",
"0.356150","0.369357","0.369179","0.356642","0.340322","0.327183","0.327221","0.342786",
"0.323718","0.327395","0.333030","0.332746","0.330695","0.328270","0.322158","0.322749",
"0.332583","0.321163","0.326829","0.333789","0.343422","0.355052","0.358810","0.349105",
"0.373712","0.356764","0.341780","0.335217","0.342739","0.355403","0.376271","0.383989",
"0.339449","0.338947","0.333347","0.325850","0.322113","0.320438","0.328462","0.339245",
"0.325014","0.324523","0.324156","0.324932","0.327688","0.327320","0.324555","0.325713",
"0.317240","0.350109","0.373908","0.380536","0.361750","0.327815","0.296322","0.298392",
"0.353022","0.330868","0.318824","0.317053","0.324221","0.337155","0.350874","0.360478",
"0.348094","0.355139","0.377126","0.390071","0.392835","0.382759","0.365933","0.354513",
"0.344545","0.336387","0.336689","0.352536","0.369322","0.377693","0.371986","0.359769",
"0.336842","0.327124","0.325938","0.339775","0.353434","0.354760","0.352023","0.348676",
"0.347271","0.355347","0.360470","0.364687","0.362115","0.346198","0.338785","0.339646",
"0.357408","0.344794","0.331083","0.324995","0.345995","0.362514","0.365325","0.364802",
"0.350808","0.344619","0.347020","0.365637","0.370256","0.373506","0.368952","0.364492",
"0.354554","0.362796","0.360123","0.355156","0.346461","0.328414","0.323659","0.338566",
"0.350897","0.341854","0.342535","0.343117","0.339987","0.343036","0.353535","0.361175",
"0.347039","0.342288","0.344254","0.352885","0.364103","0.358886","0.348764","0.350992",
"0.341730","0.353007","0.359676","0.357664","0.347412","0.332944","0.325217","0.329592",
"0.359651","0.360485","0.369087","0.373411","0.372789","0.367370","0.362312","0.358265",
"0.332287","0.325152","0.329220","0.345461","0.359963","0.360981","0.350295","0.342849",
"0.339468","0.352084","0.358227","0.359293","0.348823","0.338627","0.330940","0.328438",
"0.372562","0.365701","0.350029","0.341396","0.331068","0.324805","0.343230","0.366417",
"0.340440","0.314890","0.299977","0.310702","0.330110","0.347759","0.354784","0.357727",
"0.369648","0.366191","0.353475","0.345715","0.337795","0.332907","0.338749","0.359376",
"0.339676","0.331204","0.327022","0.338645","0.344499","0.347870","0.344050","0.342065",
"0.329242","0.333339","0.343700","0.351290","0.349284","0.344534","0.343465","0.335158",
"0.355737","0.374391","0.383860","0.380434","0.368409","0.348620","0.341784","0.345882",
"0.368960","0.353057","0.337394","0.333482","0.351295","0.364849","0.370198","0.372857",
"0.361443","0.366037","0.363490","0.360075","0.365159","0.353985","0.343056","0.347167",
"0.340541","0.347149","0.353450","0.346354","0.344471","0.341093","0.337642","0.336002",
"0.329091","0.330378","0.341692","0.357269","0.361676","0.356224","0.344609","0.339586",
"0.325339","0.333500","0.337516","0.331600","0.334124","0.326284","0.321442","0.319601",
"0.327012","0.354943","0.366199","0.359796","0.335796","0.309911","0.298262","0.301452",
"0.359660","0.360865","0.364972","0.367435","0.361235","0.341830","0.334874","0.344010",
"0.308423","0.317162","0.333732","0.351727","0.360644","0.359449","0.345208","0.323510",
"0.318642","0.320711","0.323515","0.324363","0.326608","0.323923","0.319684","0.319398",
"0.289974","0.300759","0.314764","0.332141","0.345201","0.342236","0.321423","0.299813",
"0.347600","0.353973","0.368388","0.383322","0.382294","0.365517","0.353779","0.349780",
"0.322157","0.322007","0.334334","0.349728","0.353806","0.349387","0.342234","0.334163",
"0.342256","0.353230","0.361258","0.360368","0.360968","0.354058","0.337905","0.335567",
"0.339726","0.320175","0.322582","0.331779","0.343916","0.353435","0.358770","0.353476",
"0.364135","0.348630","0.330920","0.332513","0.343531","0.361074","0.370802","0.374140",
"0.349172","0.336543","0.349493","0.383598","0.410389","0.406729","0.390076","0.371158",
"0.347340","0.326091","0.326989","0.332559","0.349314","0.365564","0.369716","0.367251",
"0.371187","0.366906","0.353724","0.343819","0.348634","0.371665","0.377346","0.369766",
"0.349461","0.347332","0.340208","0.345920","0.356908","0.366331","0.363191","0.360840",
"0.352001","0.361854","0.357104","0.352894","0.347033","0.336302","0.332199","0.339536",
"0.302918","0.319886","0.331554","0.337635","0.327503","0.298649","0.284123","0.290012",
"0.345713","0.358905","0.366302","0.368940","0.369889","0.356395","0.347801","0.344353",
"0.330532","0.342501","0.350256","0.349870","0.345681","0.336779","0.328806","0.327887",
"0.337570","0.342394","0.352073","0.353414","0.340633","0.327487","0.321633","0.330892",
"0.328234","0.354482","0.376227","0.387120","0.383273","0.363758","0.337520","0.322236",
"0.339827","0.360862","0.370735","0.365853","0.356598","0.342361","0.335544","0.329048",
"0.364109","0.362986","0.364250","0.371017","0.373894","0.370252","0.364749","0.368536",
"0.331804","0.337335","0.336602","0.331112","0.326209","0.320070","0.317444","0.325891",
"0.362240","0.363052","0.356779","0.347142","0.343469","0.346521","0.349908","0.354224",
"0.317455","0.339006","0.367106","0.388555","0.391739","0.373790","0.341047","0.319773",
"0.339807","0.346632","0.352658","0.353161","0.349482","0.344721","0.343548","0.340365",
"0.324321","0.325081","0.331984","0.352556","0.362084","0.352842","0.334288","0.329972",
"0.344080","0.347916","0.341093","0.331740","0.323556","0.322923","0.328070","0.334048",
"0.361160","0.355687","0.353283","0.356638","0.361844","0.359007","0.356017","0.363679",
"0.334133","0.342689","0.341844","0.331433","0.324071","0.309700","0.300399","0.315441",
"0.372019","0.353968","0.352856","0.357680","0.377969","0.392228","0.394556","0.386564",
"0.337287","0.336218","0.341779","0.354692","0.361309","0.349094","0.335546","0.334948",
"0.338805","0.340314","0.344953","0.366275","0.382440","0.378297","0.359796","0.347081",
"0.346601","0.356568","0.366277","0.373349","0.368405","0.352179","0.334345","0.335040",
"0.378431","0.373886","0.359507","0.342889","0.338262","0.338910","0.352590","0.371658",
"0.342039","0.329055","0.327225","0.334310","0.344868","0.349087","0.352564","0.355190",
"0.325663","0.332609","0.341397","0.351650","0.355190","0.349318","0.334785","0.323313",
"0.374848","0.363891","0.364947","0.369569","0.373018","0.377383","0.378619","0.380462",
"0.348826","0.357398","0.366679","0.371568","0.376449","0.367579","0.358596","0.356460",
"0.316009","0.320029","0.346413","0.373289","0.379850","0.358527","0.338451","0.324768",
"0.349748","0.362223","0.361106","0.354915","0.345453","0.331510","0.329666","0.337831",
"0.327159","0.334825","0.362625","0.381007","0.381043","0.364694","0.348940","0.335580",
"0.351440","0.341297","0.333004","0.326282","0.333909","0.342258","0.354104","0.358564",
"0.348815","0.362687","0.366501","0.365942","0.362581","0.348060","0.337421","0.336671",
"0.325944","0.329860","0.351999","0.370139","0.370781","0.357260","0.338918","0.329006",
"0.376294","0.361284","0.348168","0.342898","0.342429","0.347050","0.354799","0.377186",
"0.338133","0.326306","0.331044","0.338354","0.344920","0.348677","0.350462","0.349164",
"0.337871","0.344245","0.363405","0.366719","0.373590","0.370894","0.360769","0.349694",
"0.359862","0.354629","0.352745","0.353123","0.347052","0.349705","0.355703","0.363399",
"0.366858","0.371932","0.361987","0.359958","0.354137","0.357207","0.357938","0.361869",
"0.317373","0.339215","0.358912","0.367309","0.356606","0.332172","0.310847","0.303709",
"0.345166","0.348793","0.352680","0.345641","0.333667","0.329170","0.334248","0.343395",
"0.371673","0.365415","0.353381","0.351072","0.345982","0.340366","0.348589","0.363405",
"0.331773","0.310104","0.317492","0.340134","0.361536","0.379585","0.377444","0.360188",
"0.364509","0.349647","0.335526","0.339894","0.349802","0.352365","0.354307","0.364352",
"0.337313","0.326248","0.325077","0.330889","0.343279","0.352899","0.354092","0.351923",
"0.339494","0.338055","0.351316","0.365555","0.366011","0.362258","0.353615","0.347095",
"0.358223","0.362124","0.365984","0.371801","0.378650","0.369986","0.357496","0.354290",
"0.359414","0.357433","0.366945","0.379129","0.393254","0.389466","0.380574","0.368317",
"0.324631","0.330227","0.342697","0.357066","0.358980","0.348505","0.336960","0.328531",
"0.345108","0.351565","0.359249","0.361081","0.357579","0.339951","0.325315","0.329750",
"0.342312","0.358137","0.385822","0.403900","0.403303","0.387413","0.361275","0.342782",
"0.309585","0.319260","0.325271","0.337122","0.340191","0.325348","0.309834","0.308091",
"0.319304","0.325246","0.332752","0.334747","0.327459","0.318907","0.310203","0.312035",
"0.338231","0.328848","0.313189","0.317435","0.332886","0.339961","0.341585","0.344013",
"0.357032","0.338845","0.321175","0.322600","0.337847","0.349834","0.361125","0.362908",
"0.335237","0.334860","0.338717","0.345631","0.349124","0.347029","0.345673","0.344499",
"0.354472","0.349986","0.345945","0.346844","0.350828","0.353115","0.356822","0.358529",
"0.341502","0.348631","0.346617","0.343302","0.339586","0.329983","0.324087","0.332773",
"0.337827","0.341045","0.342522","0.353115","0.362326","0.355153","0.340775","0.334549",
"0.347659","0.341022","0.339160","0.351661","0.352103","0.344562","0.344026","0.349038",
"0.349161","0.354825","0.352199","0.346881","0.342091","0.341268","0.339883","0.343493",
"0.352536","0.356539","0.352288","0.346377","0.347372","0.355178","0.356232","0.356257",
"0.306886","0.312447","0.341047","0.358773","0.358395","0.338138","0.319579","0.311618",
"0.344763","0.347433","0.346254","0.337277","0.325842","0.328834","0.335884","0.340955",
"0.330873","0.319978","0.330860","0.350112","0.371850","0.375028","0.371871","0.361645",
"0.330665","0.341234","0.350126","0.360392","0.365163","0.356496","0.348094","0.333317",
"0.361695","0.350644","0.337376","0.326945","0.326388","0.334406","0.344180","0.356892",
"0.374096","0.378845","0.371735","0.359069","0.339308","0.328746","0.332946","0.356916",
"0.349338","0.346862","0.346693","0.346175","0.338626","0.323870","0.328056","0.338305",
"0.356300","0.353104","0.358318","0.362106","0.374119","0.373990","0.368208","0.364370",
"0.322593","0.316414","0.315086","0.325249","0.326243","0.321561","0.322573","0.328547",
"0.347102","0.343451","0.339027","0.355958","0.370236","0.372063","0.369515","0.361171",
"0.367056","0.352195","0.354941","0.360218","0.364508","0.367730","0.372481","0.375095",
"0.359195","0.347106","0.338555","0.330687","0.322586","0.333214","0.352261","0.361007",
"0.361740","0.358010","0.366527","0.382593","0.394119","0.392438","0.386366","0.378481",
"0.349320","0.352160","0.361564","0.368503","0.370879","0.362601","0.356239","0.355721",
"0.352007","0.351656","0.345058","0.346746","0.358405","0.359765","0.357587","0.358624",
"0.340126","0.315580","0.306449","0.312919","0.327926","0.339672","0.343615","0.350111",
"0.351171","0.341385","0.345561","0.359058","0.366307","0.361634","0.352724","0.357276",
"0.346954","0.325757","0.313140","0.324634","0.344570","0.361994","0.367703","0.361563",
"0.346943","0.355093","0.356534","0.356307","0.347703","0.343706","0.336741","0.344617",
"0.367353","0.367233","0.368297","0.374575","0.372873","0.362854","0.356635","0.358019",
"0.356577","0.377291","0.387726","0.389515","0.389267","0.375446","0.357369","0.349722",
"0.331919","0.343997","0.352031","0.362003","0.356766","0.339974","0.326189","0.325389",
"0.385331","0.366227","0.352202","0.343304","0.347136","0.361921","0.382504","0.396857",
"0.369895","0.358656","0.357748","0.357266","0.360311","0.354049","0.362329","0.370974",
"0.344140","0.367636","0.384541","0.394182","0.393738","0.369818","0.346122","0.335623",
"0.328829","0.329436","0.354235","0.385326","0.398650","0.386074","0.359088","0.336162",
"0.365118","0.357567","0.355512","0.359516","0.364882","0.368951","0.369336","0.370182",
"0.353116","0.357538","0.346609","0.331933","0.311781","0.301593","0.302828","0.329706",
"0.351521","0.368962","0.382780","0.387866","0.374740","0.347174","0.329917","0.333009",
"0.344888","0.356799","0.366998","0.386872","0.401558","0.386949","0.360493","0.346332",
"0.361258","0.362342","0.358298","0.355805","0.361961","0.362998","0.363899","0.364026",
"0.347973","0.361948","0.357310","0.345269","0.332380","0.336705","0.335268","0.333424",
"0.338738","0.324032","0.329972","0.342231","0.354772","0.353014","0.351940","0.349928",
"0.356851","0.352045","0.342383","0.334000","0.330821","0.334422","0.349682","0.358456",
"0.337289","0.339587","0.347275","0.346907","0.349959","0.347387","0.342030","0.340143",
"0.337839","0.349193","0.357687","0.361166","0.354325","0.337352","0.313871","0.320001",
"0.348664","0.350900","0.344955","0.338870","0.335203","0.339760","0.347387","0.349954",
"0.330061","0.327645","0.319991","0.311092","0.302926","0.298752","0.310555","0.328993",
"0.343121","0.355724","0.364901","0.364552","0.359542","0.345996","0.335357","0.336118",
"0.354725","0.355965","0.347745","0.333589","0.329928","0.324171","0.329768","0.347425",
"0.321187","0.324775","0.328259","0.341730","0.355607","0.351513","0.337349","0.325293",
"0.361486","0.370944","0.369924","0.364426","0.354372","0.347611","0.342511","0.345727",
"0.358236","0.359360","0.359399","0.350528","0.339425","0.326861","0.334033","0.351336",
"0.334726","0.335999","0.337420","0.345228","0.356197","0.359102","0.350592","0.345430",
"0.343556","0.339709","0.339727","0.347171","0.344063","0.335690","0.325026","0.331785",
"0.332387","0.336860","0.338038","0.343649","0.346428","0.339071","0.333120","0.330534",
"0.303312","0.294413","0.304570","0.328401","0.345487","0.346504","0.340670","0.328295",
"0.294153","0.294381","0.310640","0.336145","0.347217","0.346244","0.329694","0.312890",
"0.310776","0.334472","0.353043","0.364312","0.364940","0.345472","0.317793","0.303359",
"0.366175","0.368852","0.376574","0.381899","0.383863","0.381559","0.376008","0.367285",
"0.354385","0.360294","0.370503","0.369415","0.361051","0.360757","0.357141","0.355064",
"0.353842","0.360098","0.352815","0.339242","0.318793","0.295439","0.301619","0.331701",
"0.348719","0.354095","0.356570","0.351506","0.342588","0.330131","0.323695","0.336284",
"0.319281","0.331464","0.353993","0.362559","0.352097","0.338020","0.323891","0.320301",
"0.367397","0.348776","0.319035","0.302354","0.307066","0.320900","0.344660","0.364272",
"0.339673","0.334983","0.344034","0.363263","0.380259","0.375424","0.370830","0.358310",
"0.342379","0.344377","0.338133","0.324170","0.323058","0.321126","0.322191","0.332101",
"0.360537","0.378125","0.372452","0.355463","0.335251","0.312504","0.308838","0.329987",
"0.314252","0.316110","0.315385","0.316343","0.318507","0.310917","0.303468","0.306869",
"0.355692","0.363057","0.370354","0.377012","0.386549","0.377162","0.363006","0.351863",
"0.335663","0.326321","0.316573","0.315173","0.324955","0.333314","0.333154","0.337167",
"0.316715","0.333801","0.341212","0.338544","0.328281","0.313359","0.299429","0.302961",
"0.337431","0.333595","0.332031","0.330238","0.330151","0.337486","0.344484","0.348415",
"0.322820","0.324104","0.343837","0.366009","0.379069","0.377283","0.361138","0.341224",
"0.357274","0.352678","0.351803","0.357314","0.365147","0.363147","0.360518","0.358586",
"0.360869","0.375090","0.368004","0.350803","0.335185","0.320260","0.327372","0.345352",
"0.339069","0.348276","0.356976","0.356401","0.348342","0.327636","0.312624","0.322334",
"0.359548","0.355651","0.342071","0.326595","0.314590","0.317061","0.331464","0.350240",
"0.353146","0.327885","0.314318","0.320410","0.332930","0.342311","0.355048","0.366028",
"0.377275","0.356595","0.336542","0.327530","0.336260","0.353866","0.378011","0.390292",
"0.352160","0.355722","0.351587","0.343542","0.330449","0.318189","0.319338","0.334040",
"0.372296","0.362920","0.345880","0.337165","0.345721","0.349809","0.350287","0.363989",
"0.328115","0.312966","0.316878","0.340250","0.365824","0.366100","0.351622","0.340661",
"0.347510","0.351870","0.351302","0.349704","0.349811","0.337353","0.332873","0.340235",
"0.351481","0.349372","0.350052","0.349123","0.351204","0.346410","0.336107","0.342815",
"0.333165","0.347339","0.362819","0.367940","0.346897","0.323482","0.311650","0.318290",
"0.340032","0.329669","0.318094","0.316124","0.322076","0.336092","0.342400","0.344026",
"0.350102","0.335885","0.337595","0.345130","0.354794","0.353084","0.348618","0.356982",
"0.353967","0.356989","0.360015","0.360899","0.365803","0.353414","0.339813","0.351180",
"0.352930","0.339821","0.335236","0.349188","0.368014","0.367917","0.364235","0.362061",
"0.359862","0.380257","0.383708","0.371451","0.351521","0.329659","0.317103","0.334348",
"0.321251","0.322557","0.330030","0.347324","0.363528","0.362603","0.349196","0.330077",
"0.356765","0.351031","0.355898","0.364444","0.366968","0.365003","0.362801","0.356644",
"0.337363","0.321138","0.307719","0.319295","0.344107","0.361302","0.361194","0.355213",
"0.327943","0.328287","0.338830","0.347032","0.356048","0.359268","0.345526","0.334776",
"0.354562","0.358886","0.359416","0.352452","0.351429","0.349016","0.345364","0.346432",
"0.350575","0.364871","0.366313","0.365641","0.360238","0.346974","0.339105","0.338613",
"0.312427","0.305403","0.312861","0.327845","0.348866","0.353134","0.343163","0.330499",
"0.363451","0.363279","0.349089","0.338301","0.333426","0.330321","0.334166","0.349522",
"0.362305","0.352033","0.350631","0.349710","0.353735","0.352005","0.358141","0.367962",
"0.351849","0.343403","0.338416","0.334463","0.340757","0.342240","0.343839","0.352910",
"0.348915","0.339973","0.339700","0.343224","0.348922","0.352902","0.356798","0.356357",
"0.353912","0.349096","0.354886","0.362191","0.368209","0.363659","0.352312","0.352751",
"0.365914","0.373042","0.372055","0.368087","0.368868","0.366841","0.358571","0.353010",
"0.358677","0.358859","0.358496","0.357444","0.347029","0.338207","0.343236","0.352132",
"0.358657","0.362889","0.364422","0.368553","0.361673","0.343413","0.334883","0.346966",
"0.321772","0.327484","0.329404","0.336969","0.338856","0.327977","0.323848","0.321047",
"0.366845","0.365149","0.356409","0.343149","0.336934","0.342223","0.349689","0.358538",
"0.348487","0.366089","0.361284","0.342169","0.314495","0.291664","0.292832","0.321788",
"0.367114","0.374906","0.364349","0.349468","0.327066","0.327163","0.338127","0.355785",
"0.305033","0.300447","0.315740","0.340632","0.359315","0.360639","0.345321","0.323888",
"0.351183","0.362706","0.377411","0.396270","0.396590","0.375492","0.357254","0.353967",
"0.346134","0.342502","0.346202","0.365105","0.378796","0.378259","0.364852","0.354420",
"0.364937","0.369272","0.370766","0.376741","0.378649","0.367252","0.362975","0.365417",
"0.338564","0.337139","0.343582","0.346868","0.346940","0.344342","0.339869","0.344194",
"0.351961","0.337017","0.347088","0.371033","0.394829","0.400639","0.390046","0.378572",
"0.344022","0.363023","0.367742","0.357867","0.342680","0.314867","0.306843","0.320511",
"0.319714","0.324457","0.339329","0.352244","0.356133","0.348546","0.344193","0.333021",
"0.307831","0.317760","0.331099","0.345541","0.357537","0.353052","0.334791","0.318678",
"0.332349","0.334594","0.333983","0.332446","0.336791","0.345600","0.341284","0.333677",
"0.334531","0.342347","0.355614","0.355917","0.339931","0.325917","0.320059","0.327458",
"0.350210","0.343695","0.331797","0.331602","0.342715","0.357918","0.361614","0.360641",
"0.336754","0.339196","0.342492","0.357224","0.364492","0.357124","0.346790","0.341302",
"0.352899","0.345404","0.343452","0.346632","0.351942","0.351907","0.354644","0.357862",
"0.337005","0.349810","0.366469","0.373727","0.363082","0.337746","0.329472","0.327083",
"0.329341","0.346947","0.361429","0.366429","0.357587","0.346371","0.331641","0.324839",
"0.362622","0.363921","0.358367","0.355025","0.342267","0.338974","0.347297","0.361261",
"0.334614","0.320425","0.321642","0.327945","0.336505","0.334848","0.333841","0.338890",
"0.354848","0.361125","0.359473","0.345516","0.342822","0.339781","0.334907","0.345635",
"0.326866","0.320958","0.325093","0.333716","0.337022","0.334710","0.332425","0.335749",
"0.374302","0.353993","0.340435","0.337964","0.342586","0.353208","0.364546","0.380737",
"0.348434","0.348627","0.346833","0.340464","0.331404","0.326957","0.320768","0.335096",
"0.350644","0.349534","0.346318","0.344676","0.342844","0.335972","0.341506","0.348987",
"0.358056","0.356867","0.352297","0.343101","0.349761","0.351128","0.350024","0.356330",
"0.352624","0.350520","0.349208","0.345664","0.346124","0.347811","0.353511","0.361476",
"0.392724","0.392113","0.382229","0.364840","0.348610","0.338774","0.351131","0.374147",
"0.320390","0.326414","0.330933","0.329494","0.332075","0.324335","0.312551","0.319118",
"0.347784","0.345913","0.352185","0.362470","0.361295","0.345007","0.343127","0.346987",
"0.350170","0.344710","0.337287","0.340226","0.343793","0.337589","0.342421","0.350888",
"0.342386","0.343371","0.346659","0.350424","0.351487","0.348625","0.342927","0.345114",
"0.352773","0.358377","0.359214","0.356783","0.343527","0.330394","0.337358","0.345654",
"0.339122","0.337475","0.346298","0.351352","0.345283","0.337159","0.334198","0.335999",
"0.330795","0.335742","0.339536","0.339101","0.347332","0.343022","0.335288","0.333593",
"0.318531","0.317971","0.325051","0.339088","0.353817","0.354543","0.343998","0.333108",
"0.365297","0.363632","0.357125","0.348854","0.347624","0.364172","0.367045","0.365993",
"0.326035","0.334966","0.345143","0.347250","0.342569","0.337415","0.329165","0.329243",
"0.369272","0.354297","0.341994","0.340351","0.341769","0.343727","0.351918","0.370385",
"0.360247","0.349890","0.332339","0.315376","0.315113","0.324500","0.343499","0.359406",
"0.318240","0.317464","0.324474","0.333462","0.342793","0.347958","0.344315","0.336415",
"0.327348","0.321550","0.316213","0.309138","0.312063","0.314313","0.322047","0.327608",
"0.360610","0.369647","0.369023","0.359634","0.341570","0.330776","0.332027","0.346720",
"0.339168","0.339172","0.344544","0.354288","0.360622","0.354174","0.348845","0.347126",
"0.298988","0.322925","0.358104","0.386068","0.390141","0.362357","0.327455","0.301207",
"0.346492","0.351160","0.353018","0.349453","0.345562","0.343985","0.343207","0.340607",
"0.327146","0.333475","0.349895","0.354376","0.354851","0.350156","0.338476","0.331948",
"0.360810","0.364563","0.365780","0.357733","0.349539","0.346484","0.342397","0.350371",
"0.318359","0.302685","0.299340","0.307980","0.324318","0.336233","0.337034","0.333636",
"0.332132","0.349640","0.367403","0.375389","0.366217","0.345268","0.320579","0.316731",
"0.364243","0.362083","0.349766","0.325245","0.311572","0.319466","0.330582","0.350272",
"0.364045","0.355394","0.354443","0.356832","0.365712","0.371974","0.373270","0.371235",
"0.351993","0.356408","0.364002","0.369544","0.372503","0.362755","0.356578","0.352368",
"0.327072","0.332025","0.331807","0.337842","0.333735","0.315162","0.304715","0.312439",
"0.322648","0.336464","0.352834","0.373497","0.387172","0.378333","0.358619","0.335795",
"0.362398","0.371713","0.383455","0.387308","0.376198","0.357237","0.349991","0.358323",
"0.329329","0.310683","0.303778","0.308692","0.317883","0.332601","0.338920","0.340984",
"0.342656","0.334756","0.323351","0.314263","0.318853","0.325732","0.333968","0.343714",
"0.363099","0.379456","0.381875","0.381437","0.372555","0.350296","0.333780","0.344035",
"0.352226","0.335264","0.333936","0.339630","0.349838","0.349738","0.352045","0.359723",
"0.335068","0.338087","0.338586","0.340830","0.341413","0.335325","0.335433","0.336442",
"0.358438","0.350499","0.339732","0.328030","0.328570","0.331026","0.340437","0.355213",
"0.345231","0.337697","0.322386","0.316178","0.310165","0.316632","0.330108","0.344023",
"0.342897","0.354803","0.375359","0.392641","0.388708","0.372588","0.357842","0.348708",
"0.324736","0.327674","0.330999","0.338949","0.341629","0.333966","0.328102","0.328147",
"0.334522","0.337661","0.339794","0.346660","0.351037","0.349166","0.343905","0.334998",
"0.325285","0.315461","0.322979","0.342341","0.364804","0.368518","0.354321","0.340504",
"0.353445","0.372965","0.384336","0.383001","0.366390","0.346711","0.329214","0.335925",
"0.377393","0.355216","0.325907","0.311996","0.324434","0.346532","0.361735","0.374594",
"0.388433","0.381778","0.375167","0.363647","0.348380","0.345437","0.355805","0.377323",
"0.290956","0.291827","0.304147","0.315609","0.320628","0.317519","0.313230","0.303681",
"0.333617","0.352297","0.360414","0.364004","0.351882","0.329423","0.315326","0.318678",
"0.315366","0.332379","0.342846","0.346285","0.334190","0.321794","0.310787","0.308642",
"0.347921","0.351798","0.343743","0.342910","0.347440","0.337964","0.333491","0.338385",
"0.359967","0.347013","0.341293","0.349903","0.355066","0.354811","0.357533","0.362004",
"0.317247","0.314365","0.322342","0.341727","0.369422","0.377305","0.363778","0.338858",
"0.376502","0.375047","0.363470","0.356072","0.352528","0.345715","0.342782","0.357446",
"0.371463","0.352180","0.338336","0.337138","0.339010","0.344302","0.356713","0.373878",
"0.313269","0.311202","0.320454","0.332691","0.334446","0.333171","0.324719","0.321203",
"0.334086","0.320728","0.309216","0.311425","0.323265","0.340238","0.354723","0.351808",
"0.367686","0.355110","0.342248","0.333970","0.336989","0.343148","0.360014","0.375150",
"0.326166","0.340381","0.354773","0.365187","0.374637","0.371606","0.353091","0.328936",
"0.383326","0.365174","0.333259","0.324104","0.330206","0.349884","0.369746","0.386503",
"0.329296","0.344322","0.343956","0.343539","0.344759","0.339390","0.331015","0.324451",
"0.344133","0.357491","0.356556","0.340792","0.331461","0.329520","0.332456","0.332064",
"0.325515","0.338780","0.343874","0.349969","0.363473","0.360589","0.344263","0.326689",
"0.342541","0.338314","0.344294","0.353946","0.363062","0.351453","0.339651","0.337251",
"0.327996","0.348833","0.365730","0.369143","0.368546","0.351002","0.326389","0.316702",
"0.380509","0.376139","0.360514","0.341541","0.329069","0.338560","0.356227","0.376936",
"0.324413","0.329298","0.336420","0.333367","0.327066","0.309003","0.299444","0.314675",
"0.341576","0.330893","0.329024","0.331046","0.332501","0.345495","0.351114","0.353275",
"0.318693","0.305182","0.310791","0.331670","0.354291","0.355848","0.348041","0.337776",
"0.350861","0.371395","0.382823","0.378206","0.372198","0.359990","0.342985","0.339162",
"0.327551","0.342214","0.355367","0.357199","0.356664","0.348407","0.335407","0.326674",
"0.360523","0.328990","0.316933","0.322821","0.348780","0.369460","0.380215","0.381980",
"0.338353","0.352045","0.358381","0.359283","0.354667","0.345987","0.338853","0.336021",
"0.329517","0.340733","0.347726","0.357743","0.361926","0.351422","0.334431","0.326830",
"0.316391","0.309784","0.316316","0.336187","0.348655","0.357567","0.342574","0.334460",
"0.337994","0.330616","0.338227","0.349805","0.359165","0.358198","0.350941","0.348059",
"0.346637","0.345203","0.347214","0.345609","0.355127","0.356524","0.358164","0.359552",
"0.340169","0.327761","0.321206","0.324410","0.339598","0.342337","0.347280","0.349903",
"0.354455","0.358897","0.359533","0.349759","0.348395","0.354777","0.355838","0.354986",
"0.345721","0.347662","0.336319","0.317042","0.305804","0.312471","0.321521","0.338100",
"0.345593","0.345989","0.342469","0.351650","0.367214","0.367833","0.358228","0.348001",
"0.363135","0.355849","0.354775","0.358686","0.370471","0.378203","0.379195","0.375612",
"0.356860","0.360168","0.353144","0.343300","0.339928","0.333945","0.338545","0.351359",
"0.320110","0.320340","0.325163","0.335672","0.346706","0.352124","0.346721","0.333595",
"0.327795","0.341092","0.355263","0.368730","0.370423","0.358216","0.338187","0.327649",
"0.351718","0.330546","0.315047","0.324520","0.343508","0.358322","0.364743","0.366132",
"0.355838","0.353647","0.347579","0.353533","0.364300","0.357154","0.354763","0.353882",
"0.346812","0.327963","0.315907","0.330220","0.355389","0.367722","0.374300","0.363871",
"0.369434","0.353153","0.327335","0.324571","0.337084","0.353430","0.366126","0.369225",
"0.350570","0.368981","0.372086","0.358706","0.346837","0.327595","0.324497","0.332700",
"0.348952","0.369073","0.377517","0.367036","0.342514","0.314905","0.304315","0.323744",
"0.371797","0.368866","0.356850","0.347701","0.342973","0.342890","0.350564","0.362989",
"0.340385","0.332009","0.329180","0.332295","0.342091","0.348966","0.355324","0.352237",
"0.328439","0.332756","0.331811","0.325520","0.314257","0.306888","0.312919","0.319563",
"0.370748","0.352443","0.321836","0.303379","0.305761","0.325934","0.351755","0.371018",
"0.343738","0.346047","0.351032","0.358443","0.364559","0.366962","0.355836","0.346408",
"0.356904","0.359108","0.358755","0.350939","0.342148","0.337587","0.340325","0.350462",
"0.341880","0.346838","0.362525","0.380000","0.382542","0.367327","0.348923","0.344012",
"0.351384","0.351817","0.351303","0.355904","0.351598","0.334753","0.331468","0.346977",
"0.363712","0.356622","0.345950","0.333763","0.339853","0.343273","0.347854","0.364679",
"0.383633","0.365353","0.343089","0.329544","0.332766","0.352124","0.369562","0.387929",
"0.355761","0.355303","0.343265","0.326939","0.317094","0.318854","0.335493","0.350030",
"0.325307","0.321444","0.329226","0.338833","0.345031","0.343871","0.343177","0.338610",
"0.353394","0.356381","0.347040","0.339639","0.333284","0.325919","0.331797","0.345007",
"0.325597","0.326787","0.332947","0.345052","0.361666","0.357101","0.341738","0.327877",
"0.340788","0.341194","0.333847","0.329732","0.325156","0.319919","0.324164","0.333824",
"0.335659","0.338209","0.342893","0.346298","0.338404","0.327881","0.322143","0.331412",
"0.355983","0.357356","0.351815","0.346320","0.339823","0.338517","0.347429","0.350353",
"0.354233","0.341660","0.332826","0.332781","0.336107","0.337577","0.344904","0.354393",
"0.328092","0.338726","0.343165","0.337376","0.336319","0.334286","0.330341","0.329284",
"0.354848","0.343359","0.327615","0.331135","0.346708","0.353980","0.352888","0.354943",
"0.368740","0.366491","0.377838","0.386641","0.384127","0.375759","0.369536","0.371392",
"0.316268","0.320682","0.339153","0.361516","0.373956","0.373371","0.355308","0.333052",
"0.316727","0.319155","0.333151","0.351589","0.365911","0.360365","0.340898","0.325038",
"0.362299","0.364936","0.372593","0.376118","0.369594","0.353914","0.351768","0.357868",
"0.348601","0.356176","0.361319","0.365605","0.362981","0.349790","0.338767","0.343072",
"0.338419","0.335143","0.334230","0.341278","0.350579","0.357439","0.354948","0.353725",
"0.372707","0.367718","0.354161","0.341776","0.333231","0.326879","0.337463","0.359872",
"0.364550","0.352606","0.338515","0.336929","0.341798","0.358271","0.367615","0.374577",
"0.334612","0.330776","0.337252","0.355466","0.370534","0.367890","0.352361","0.341078",
"0.337287","0.327204","0.325507","0.331742","0.338607","0.350737","0.351585","0.347776",
"0.351361","0.364304","0.361321","0.354533","0.344174","0.327370","0.317902","0.328131",
"0.343925","0.351124","0.354362","0.348301","0.340966","0.332057","0.329972","0.333710",
"0.315379","0.318330","0.332213","0.353661","0.366382","0.360591","0.346053","0.326152",
"0.345898","0.341791","0.347547","0.350333","0.347500","0.345651","0.356691","0.357343",
"0.345810","0.380373","0.399465","0.390031","0.359220","0.320763","0.309150","0.320397",
"0.379727","0.360767","0.332703","0.308629","0.310075","0.330107","0.346734","0.366706",
"0.352892","0.352176","0.347717","0.341418","0.340137","0.335189","0.338071","0.347185",
"0.343770","0.337285","0.345130","0.367748","0.387343","0.383352","0.369212","0.359819",
"0.381226","0.377007","0.362040","0.342896","0.321058","0.322139","0.348176","0.374412",
"0.336976","0.348737","0.360960","0.366153","0.355659","0.337397","0.339587","0.340726",
"0.346678","0.360572","0.363976","0.360849","0.341463","0.317509","0.310246","0.323223",
"0.350679","0.357645","0.348175","0.329300","0.320995","0.316329","0.320789","0.333558",
"0.370438","0.376882","0.367056","0.348299","0.340595","0.342974","0.350425","0.365046",
"0.347017","0.353939","0.344428","0.329337","0.314645","0.300872","0.302981","0.327845",
"0.348924","0.349843","0.345438","0.346264","0.347532","0.335783","0.329016","0.339662",
"0.303200","0.297260","0.316521","0.335447","0.355274","0.359186","0.349294","0.332073",
"0.364425","0.357068","0.343441","0.327328","0.318961","0.326144","0.346278","0.360534",
"0.328483","0.337242","0.340467","0.349472","0.351347","0.337872","0.333667","0.329743",
"0.354346","0.349885","0.350664","0.357506","0.354564","0.352129","0.353386","0.355575",
"0.338329","0.340433","0.333488","0.329956","0.331410","0.324989","0.316720","0.324457",
"0.340166","0.345179","0.356248","0.378645","0.385616","0.366622","0.343149","0.339789",
"0.349627","0.342770","0.326598","0.331987","0.346998","0.343892","0.337706","0.345286",
"0.352776","0.341881","0.336690","0.338340","0.347854","0.357568","0.354352","0.357567",
"0.341205","0.347077","0.350167","0.362870","0.372606","0.372071","0.362367","0.346986",
"0.349788","0.354896","0.349947","0.338803","0.343821","0.342352","0.341393","0.348425",
"0.321087","0.332886","0.344929","0.361735","0.364519","0.348135","0.329851","0.321318",
"0.358164","0.363433","0.359624","0.358929","0.361788","0.349971","0.342559","0.347148",
"0.330048","0.326590","0.326852","0.330675","0.335553","0.336660","0.336892","0.336305",
"0.339038","0.341064","0.346343","0.339351","0.337338","0.341555","0.344515","0.344047",
"0.356887","0.361466","0.350073","0.330847","0.308667","0.304036","0.315305","0.336697",
"0.359730","0.359072","0.346645","0.347133","0.357420","0.366356","0.363120","0.360435",
"0.346487","0.323455","0.308669","0.314313","0.323931","0.338554","0.354185","0.361668",
"0.358966","0.340152","0.330528","0.340845","0.359546","0.363703","0.360100","0.362864",
"0.349693","0.363374","0.362420","0.357535","0.340652","0.318214","0.312361","0.323478",
"0.357162","0.344902","0.333675","0.341782","0.348604","0.354303","0.362139","0.365969",
"0.348094","0.359431","0.367030","0.357120","0.348690","0.337762","0.324262","0.331930",
"0.348937","0.347944","0.351657","0.361122","0.369885","0.368668","0.360593","0.351390",
"0.321066","0.341718","0.352243","0.350078","0.336507","0.322277","0.308153","0.304657",
"0.316216","0.318715","0.336135","0.354029","0.361834","0.351560","0.340323","0.327644",
"0.337063","0.337818","0.337134","0.337473","0.330346","0.322893","0.320032","0.329108",
"0.370360","0.357515","0.339074","0.323919","0.316432","0.320957","0.341466","0.364633",
"0.345198","0.334644","0.340266","0.352469","0.359824","0.358377","0.357422","0.355292",
"0.339036","0.322104","0.324477","0.341932","0.358389","0.368357","0.372766","0.363872",
"0.317146","0.322246","0.330167","0.335701","0.331294","0.327859","0.318163","0.315807",
"0.326511","0.318983","0.325189","0.328196","0.333973","0.342962","0.343823","0.338511",
"0.359644","0.345458","0.327660","0.319543","0.321092","0.344097","0.361208","0.366290",
"0.318574","0.333607","0.343204","0.347428","0.340353","0.320768","0.310460","0.308868",
"0.331048","0.331039","0.338841","0.356527","0.362599","0.365701","0.356935","0.343504",
"0.324767","0.319182","0.314338","0.319321","0.328094","0.332089","0.332990","0.327058",
"0.347349","0.336101","0.335627","0.347573","0.358493","0.369779","0.375871","0.368686",
"0.315401","0.319760","0.324203","0.341640","0.348522","0.332514","0.319897","0.313553",
"0.329215","0.328681","0.335518","0.332569","0.328081","0.323863","0.325295","0.330944",
"0.335705","0.338375","0.347512","0.358959","0.371326","0.363786","0.349673","0.338711",
"0.342381","0.362431","0.380011","0.385154","0.379294","0.356599","0.333057","0.334912",
"0.329370","0.317766","0.308684","0.312739","0.321052","0.325137","0.327295","0.332997",
"0.320668","0.324559","0.336011","0.344467","0.351353","0.350686","0.338951","0.328150",
"0.364021","0.345443","0.337643","0.327364","0.328602","0.333569","0.349905","0.365891",
"0.318413","0.321899","0.327607","0.336969","0.341864","0.337826","0.331232","0.326876",
"0.344252","0.340288","0.336559","0.341633","0.341295","0.333498","0.337663","0.345973",
"0.339261","0.334360","0.337609","0.351489","0.357781","0.357575","0.349126","0.346943",
"0.344329","0.356817","0.359701","0.357984","0.339074","0.314361","0.310687","0.327413",
"0.349186","0.335117","0.321132","0.316983","0.321333","0.336883","0.344441","0.350545",
"0.332301","0.345491","0.352758","0.344134","0.317930","0.301089","0.301742","0.314797",
"0.346908","0.336512","0.339343","0.345657","0.346774","0.343798","0.345130","0.353447",
"0.333558","0.333022","0.332616","0.321926","0.314166","0.302998","0.306775","0.323380",
"0.282721","0.294537","0.313242","0.335528","0.345260","0.326238","0.302588","0.287949",
"0.317769","0.314207","0.322546","0.341186","0.361017","0.354826","0.339255","0.326573",
"0.297470","0.301144","0.316119","0.330865","0.329951","0.312623","0.291198","0.291464",
"0.316760","0.322797","0.334615","0.341209","0.338131","0.332914","0.322030","0.318322",
"0.306927","0.312132","0.314852","0.321244","0.326783","0.324099","0.313564","0.305032",
"0.289405","0.283473","0.268179","0.262455","0.273680","0.285342","0.292997","0.294776",
"0.242263","0.252456","0.262294","0.266102","0.256505","0.245509","0.234889","0.233149",
"0.141091","0.137130","0.145330","0.162340","0.172217","0.169672","0.160794","0.151362",
"0.000000","0.000000","0.000000","0.000000","0.000000","0.000000","0.000000","0.000000",
"0.141091","0.137130","0.145330","0.162340","0.172217","0.169672","0.160794","0.151362",
"0.242263","0.252456","0.262294","0.266102","0.256505","0.245509","0.234889","0.233149",
"0.289405","0.283473","0.268179","0.262455","0.273680","0.285342","0.292997","0.294776",
"0.306927","0.312132","0.314852","0.321244","0.326783","0.324099","0.313564","0.305032",
"0.316760","0.322797","0.334615","0.341209","0.338131","0.332914","0.322030","0.318322",
"0.297470","0.301144","0.316119","0.330865","0.329951","0.312623","0.291198","0.291464",
"0.317769","0.314207","0.322546","0.341186","0.361017","0.354826","0.339255","0.326573",
"0.282721","0.294537","0.313242","0.335528","0.345260","0.326238","0.302588","0.287949",
"0.333558","0.333022","0.332616","0.321926","0.314166","0.302998","0.306775","0.323380",
"0.346908","0.336512","0.339343","0.345657","0.346774","0.343798","0.345130","0.353447",
"0.332301","0.345491","0.352758","0.344134","0.317930","0.301089","0.301742","0.314797",
"0.349186","0.335117","0.321132","0.316983","0.321333","0.336883","0.344441","0.350545",
"0.344329","0.356817","0.359701","0.357984","0.339074","0.314361","0.310687","0.327413",
"0.339261","0.334360","0.337609","0.351489","0.357781","0.357575","0.349126","0.346943",
"0.344252","0.340288","0.336559","0.341633","0.341295","0.333498","0.337663","0.345973",
"0.318413","0.321899","0.327607","0.336969","0.341864","0.337826","0.331232","0.326876",
"0.364021","0.345443","0.337643","0.327364","0.328602","0.333569","0.349905","0.365891",
"0.320668","0.324559","0.336011","0.344467","0.351353","0.350686","0.338951","0.328150",
"0.329370","0.317766","0.308684","0.312739","0.321052","0.325137","0.327295","0.332997",
"0.342381","0.362431","0.380011","0.385154","0.379294","0.356599","0.333057","0.334912",
"0.335705","0.338375","0.347512","0.358959","0.371326","0.363786","0.349673","0.338711",
"0.329215","0.328681","0.335518","0.332569","0.328081","0.323863","0.325295","0.330944",
"0.315401","0.319760","0.324203","0.341640","0.348522","0.332514","0.319897","0.313553",
"0.347349","0.336101","0.335627","0.347573","0.358493","0.369779","0.375871","0.368686",
"0.324767","0.319182","0.314338","0.319321","0.328094","0.332089","0.332990","0.327058",
"0.331048","0.331039","0.338841","0.356527","0.362599","0.365701","0.356935","0.343504",
"0.318574","0.333607","0.343204","0.347428","0.340353","0.320768","0.310460","0.308868",
"0.359644","0.345458","0.327660","0.319543","0.321092","0.344097","0.361208","0.366290",
"0.326511","0.318983","0.325189","0.328196","0.333973","0.342962","0.343823","0.338511",
"0.317146","0.322246","0.330167","0.335701","0.331294","0.327859","0.318163","0.315807",
"0.339036","0.322104","0.324477","0.341932","0.358389","0.368357","0.372766","0.363872",
"0.345198","0.334644","0.340266","0.352469","0.359824","0.358377","0.357422","0.355292",
"0.370360","0.357515","0.339074","0.323919","0.316432","0.320957","0.341466","0.364633",
"0.337063","0.337818","0.337134","0.337473","0.330346","0.322893","0.320032","0.329108",
"0.316216","0.318715","0.336135","0.354029","0.361834","0.351560","0.340323","0.327644",
"0.321066","0.341718","0.352243","0.350078","0.336507","0.322277","0.308153","0.304657",
"0.348937","0.347944","0.351657","0.361122","0.369885","0.368668","0.360593","0.351390",
"0.348094","0.359431","0.367030","0.357120","0.348690","0.337762","0.324262","0.331930",
"0.357162","0.344902","0.333675","0.341782","0.348604","0.354303","0.362139","0.365969",
"0.349693","0.363374","0.362420","0.357535","0.340652","0.318214","0.312361","0.323478",
"0.358966","0.340152","0.330528","0.340845","0.359546","0.363703","0.360100","0.362864",
"0.346487","0.323455","0.308669","0.314313","0.323931","0.338554","0.354185","0.361668",
"0.359730","0.359072","0.346645","0.347133","0.357420","0.366356","0.363120","0.360435",
"0.356887","0.361466","0.350073","0.330847","0.308667","0.304036","0.315305","0.336697",
"0.339038","0.341064","0.346343","0.339351","0.337338","0.341555","0.344515","0.344047",
"0.330048","0.326590","0.326852","0.330675","0.335553","0.336660","0.336892","0.336305",
"0.358164","0.363433","0.359624","0.358929","0.361788","0.349971","0.342559","0.347148",
"0.321087","0.332886","0.344929","0.361735","0.364519","0.348135","0.329851","0.321318",
"0.349788","0.354896","0.349947","0.338803","0.343821","0.342352","0.341393","0.348425",
"0.341205","0.347077","0.350167","0.362870","0.372606","0.372071","0.362367","0.346986",
"0.352776","0.341881","0.336690","0.338340","0.347854","0.357568","0.354352","0.357567",
"0.349627","0.342770","0.326598","0.331987","0.346998","0.343892","0.337706","0.345286",
"0.340166","0.345179","0.356248","0.378645","0.385616","0.366622","0.343149","0.339789",
"0.338329","0.340433","0.333488","0.329956","0.331410","0.324989","0.316720","0.324457",
"0.354346","0.349885","0.350664","0.357506","0.354564","0.352129","0.353386","0.355575",
"0.328483","0.337242","0.340467","0.349472","0.351347","0.337872","0.333667","0.329743",
"0.364425","0.357068","0.343441","0.327328","0.318961","0.326144","0.346278","0.360534",
"0.303200","0.297260","0.316521","0.335447","0.355274","0.359186","0.349294","0.332073",
"0.348924","0.349843","0.345438","0.346264","0.347532","0.335783","0.329016","0.339662",
"0.347017","0.353939","0.344428","0.329337","0.314645","0.300872","0.302981","0.327845",
"0.370438","0.376882","0.367056","0.348299","0.340595","0.342974","0.350425","0.365046",
"0.350679","0.357645","0.348175","0.329300","0.320995","0.316329","0.320789","0.333558",
"0.346678","0.360572","0.363976","0.360849","0.341463","0.317509","0.310246","0.323223",
"0.336976","0.348737","0.360960","0.366153","0.355659","0.337397","0.339587","0.340726",
"0.381226","0.377007","0.362040","0.342896","0.321058","0.322139","0.348176","0.374412",
"0.343770","0.337285","0.345130","0.367748","0.387343","0.383352","0.369212","0.359819",
"0.352892","0.352176","0.347717","0.341418","0.340137","0.335189","0.338071","0.347185",
"0.379727","0.360767","0.332703","0.308629","0.310075","0.330107","0.346734","0.366706",
"0.345810","0.380373","0.399465","0.390031","0.359220","0.320763","0.309150","0.320397",
"0.345898","0.341791","0.347547","0.350333","0.347500","0.345651","0.356691","0.357343",
"0.315379","0.318330","0.332213","0.353661","0.366382","0.360591","0.346053","0.326152",
"0.343925","0.351124","0.354362","0.348301","0.340966","0.332057","0.329972","0.333710",
"0.351361","0.364304","0.361321","0.354533","0.344174","0.327370","0.317902","0.328131",
"0.337287","0.327204","0.325507","0.331742","0.338607","0.350737","0.351585","0.347776",
"0.334612","0.330776","0.337252","0.355466","0.370534","0.367890","0.352361","0.341078",
"0.364550","0.352606","0.338515","0.336929","0.341798","0.358271","0.367615","0.374577",
"0.372707","0.367718","0.354161","0.341776","0.333231","0.326879","0.337463","0.359872",
"0.338419","0.335143","0.334230","0.341278","0.350579","0.357439","0.354948","0.353725",
"0.348601","0.356176","0.361319","0.365605","0.362981","0.349790","0.338767","0.343072",
"0.362299","0.364936","0.372593","0.376118","0.369594","0.353914","0.351768","0.357868",
"0.316727","0.319155","0.333151","0.351589","0.365911","0.360365","0.340898","0.325038",
"0.316268","0.320682","0.339153","0.361516","0.373956","0.373371","0.355308","0.333052",
"0.368740","0.366491","0.377838","0.386641","0.384127","0.375759","0.369536","0.371392",
"0.354848","0.343359","0.327615","0.331135","0.346708","0.353980","0.352888","0.354943",
"0.328092","0.338726","0.343165","0.337376","0.336319","0.334286","0.330341","0.329284",
"0.354233","0.341660","0.332826","0.332781","0.336107","0.337577","0.344904","0.354393",
"0.355983","0.357356","0.351815","0.346320","0.339823","0.338517","0.347429","0.350353",
"0.335659","0.338209","0.342893","0.346298","0.338404","0.327881","0.322143","0.331412",
"0.340788","0.341194","0.333847","0.329732","0.325156","0.319919","0.324164","0.333824",
"0.325597","0.326787","0.332947","0.345052","0.361666","0.357101","0.341738","0.327877",
"0.353394","0.356381","0.347040","0.339639","0.333284","0.325919","0.331797","0.345007",
"0.325307","0.321444","0.329226","0.338833","0.345031","0.343871","0.343177","0.338610",
"0.355761","0.355303","0.343265","0.326939","0.317094","0.318854","0.335493","0.350030",
"0.383633","0.365353","0.343089","0.329544","0.332766","0.352124","0.369562","0.387929",
"0.363712","0.356622","0.345950","0.333763","0.339853","0.343273","0.347854","0.364679",
"0.351384","0.351817","0.351303","0.355904","0.351598","0.334753","0.331468","0.346977",
"0.341880","0.346838","0.362525","0.380000","0.382542","0.367327","0.348923","0.344012",
"0.356904","0.359108","0.358755","0.350939","0.342148","0.337587","0.340325","0.350462",
"0.343738","0.346047","0.351032","0.358443","0.364559","0.366962","0.355836","0.346408",
"0.370748","0.352443","0.321836","0.303379","0.305761","0.325934","0.351755","0.371018",
"0.328439","0.332756","0.331811","0.325520","0.314257","0.306888","0.312919","0.319563",
"0.340385","0.332009","0.329180","0.332295","0.342091","0.348966","0.355324","0.352237",
"0.371797","0.368866","0.356850","0.347701","0.342973","0.342890","0.350564","0.362989",
"0.348952","0.369073","0.377517","0.367036","0.342514","0.314905","0.304315","0.323744",
"0.350570","0.368981","0.372086","0.358706","0.346837","0.327595","0.324497","0.332700",
"0.369434","0.353153","0.327335","0.324571","0.337084","0.353430","0.366126","0.369225",
"0.346812","0.327963","0.315907","0.330220","0.355389","0.367722","0.374300","0.363871",
"0.355838","0.353647","0.347579","0.353533","0.364300","0.357154","0.354763","0.353882",
"0.351718","0.330546","0.315047","0.324520","0.343508","0.358322","0.364743","0.366132",
"0.327795","0.341092","0.355263","0.368730","0.370423","0.358216","0.338187","0.327649",
"0.320110","0.320340","0.325163","0.335672","0.346706","0.352124","0.346721","0.333595",
"0.356860","0.360168","0.353144","0.343300","0.339928","0.333945","0.338545","0.351359",
"0.363135","0.355849","0.354775","0.358686","0.370471","0.378203","0.379195","0.375612",
"0.345593","0.345989","0.342469","0.351650","0.367214","0.367833","0.358228","0.348001",
"0.345721","0.347662","0.336319","0.317042","0.305804","0.312471","0.321521","0.338100",
"0.354455","0.358897","0.359533","0.349759","0.348395","0.354777","0.355838","0.354986",
"0.340169","0.327761","0.321206","0.324410","0.339598","0.342337","0.347280","0.349903",
"0.346637","0.345203","0.347214","0.345609","0.355127","0.356524","0.358164","0.359552",
"0.337994","0.330616","0.338227","0.349805","0.359165","0.358198","0.350941","0.348059",
"0.316391","0.309784","0.316316","0.336187","0.348655","0.357567","0.342574","0.334460",
"0.329517","0.340733","0.347726","0.357743","0.361926","0.351422","0.334431","0.326830",
"0.338353","0.352045","0.358381","0.359283","0.354667","0.345987","0.338853","0.336021",
"0.360523","0.328990","0.316933","0.322821","0.348780","0.369460","0.380215","0.381980",
"0.327551","0.342214","0.355367","0.357199","0.356664","0.348407","0.335407","0.326674",
"0.350861","0.371395","0.382823","0.378206","0.372198","0.359990","0.342985","0.339162",
"0.318693","0.305182","0.310791","0.331670","0.354291","0.355848","0.348041","0.337776",
"0.341576","0.330893","0.329024","0.331046","0.332501","0.345495","0.351114","0.353275",
"0.324413","0.329298","0.336420","0.333367","0.327066","0.309003","0.299444","0.314675",
"0.380509","0.376139","0.360514","0.341541","0.329069","0.338560","0.356227","0.376936",
"0.327996","0.348833","0.365730","0.369143","0.368546","0.351002","0.326389","0.316702",
"0.342541","0.338314","0.344294","0.353946","0.363062","0.351453","0.339651","0.337251",
"0.325515","0.338780","0.343874","0.349969","0.363473","0.360589","0.344263","0.326689",
"0.344133","0.357491","0.356556","0.340792","0.331461","0.329520","0.332456","0.332064",
"0.329296","0.344322","0.343956","0.343539","0.344759","0.339390","0.331015","0.324451",
"0.383326","0.365174","0.333259","0.324104","0.330206","0.349884","0.369746","0.386503",
"0.326166","0.340381","0.354773","0.365187","0.374637","0.371606","0.353091","0.328936",
"0.367686","0.355110","0.342248","0.333970","0.336989","0.343148","0.360014","0.375150",
"0.334086","0.320728","0.309216","0.311425","0.323265","0.340238","0.354723","0.351808",
"0.313269","0.311202","0.320454","0.332691","0.334446","0.333171","0.324719","0.321203",
"0.371463","0.352180","0.338336","0.337138","0.339010","0.344302","0.356713","0.373878",
"0.376502","0.375047","0.363470","0.356072","0.352528","0.345715","0.342782","0.357446",
"0.317247","0.314365","0.322342","0.341727","0.369422","0.377305","0.363778","0.338858",
"0.359967","0.347013","0.341293","0.349903","0.355066","0.354811","0.357533","0.362004",
"0.347921","0.351798","0.343743","0.342910","0.347440","0.337964","0.333491","0.338385",
"0.315366","0.332379","0.342846","0.346285","0.334190","0.321794","0.310787","0.308642",
"0.333617","0.352297","0.360414","0.364004","0.351882","0.329423","0.315326","0.318678",
"0.290956","0.291827","0.304147","0.315609","0.320628","0.317519","0.313230","0.303681",
"0.388433","0.381778","0.375167","0.363647","0.348380","0.345437","0.355805","0.377323",
"0.377393","0.355216","0.325907","0.311996","0.324434","0.346532","0.361735","0.374594",
"0.353445","0.372965","0.384336","0.383001","0.366390","0.346711","0.329214","0.335925",
"0.325285","0.315461","0.322979","0.342341","0.364804","0.368518","0.354321","0.340504",
"0.334522","0.337661","0.339794","0.346660","0.351037","0.349166","0.343905","0.334998",
"0.324736","0.327674","0.330999","0.338949","0.341629","0.333966","0.328102","0.328147",
"0.342897","0.354803","0.375359","0.392641","0.388708","0.372588","0.357842","0.348708",
"0.345231","0.337697","0.322386","0.316178","0.310165","0.316632","0.330108","0.344023",
"0.358438","0.350499","0.339732","0.328030","0.328570","0.331026","0.340437","0.355213",
"0.335068","0.338087","0.338586","0.340830","0.341413","0.335325","0.335433","0.336442",
"0.352226","0.335264","0.333936","0.339630","0.349838","0.349738","0.352045","0.359723",
"0.363099","0.379456","0.381875","0.381437","0.372555","0.350296","0.333780","0.344035",
"0.342656","0.334756","0.323351","0.314263","0.318853","0.325732","0.333968","0.343714",
"0.329329","0.310683","0.303778","0.308692","0.317883","0.332601","0.338920","0.340984",
"0.362398","0.371713","0.383455","0.387308","0.376198","0.357237","0.349991","0.358323",
"0.322648","0.336464","0.352834","0.373497","0.387172","0.378333","0.358619","0.335795",
"0.327072","0.332025","0.331807","0.337842","0.333735","0.315162","0.304715","0.312439",
"0.351993","0.356408","0.364002","0.369544","0.372503","0.362755","0.356578","0.352368",
"0.364045","0.355394","0.354443","0.356832","0.365712","0.371974","0.373270","0.371235",
"0.364243","0.362083","0.349766","0.325245","0.311572","0.319466","0.330582","0.350272",
"0.332132","0.349640","0.367403","0.375389","0.366217","0.345268","0.320579","0.316731",
"0.318359","0.302685","0.299340","0.307980","0.324318","0.336233","0.337034","0.333636",
"0.360810","0.364563","0.365780","0.357733","0.349539","0.346484","0.342397","0.350371",
"0.327146","0.333475","0.349895","0.354376","0.354851","0.350156","0.338476","0.331948",
"0.346492","0.351160","0.353018","0.349453","0.345562","0.343985","0.343207","0.340607",
"0.298988","0.322925","0.358104","0.386068","0.390141","0.362357","0.327455","0.301207",
"0.339168","0.339172","0.344544","0.354288","0.360622","0.354174","0.348845","0.347126",
"0.360610","0.369647","0.369023","0.359634","0.341570","0.330776","0.332027","0.346720",
"0.327348","0.321550","0.316213","0.309138","0.312063","0.314313","0.322047","0.327608",
"0.318240","0.317464","0.324474","0.333462","0.342793","0.347958","0.344315","0.336415",
"0.360247","0.349890","0.332339","0.315376","0.315113","0.324500","0.343499","0.359406",
"0.369272","0.354297","0.341994","0.340351","0.341769","0.343727","0.351918","0.370385",
"0.326035","0.334966","0.345143","0.347250","0.342569","0.337415","0.329165","0.329243",
"0.365297","0.363632","0.357125","0.348854","0.347624","0.364172","0.367045","0.365993",
"0.318531","0.317971","0.325051","0.339088","0.353817","0.354543","0.343998","0.333108",
"0.330795","0.335742","0.339536","0.339101","0.347332","0.343022","0.335288","0.333593",
"0.339122","0.337475","0.346298","0.351352","0.345283","0.337159","0.334198","0.335999",
"0.352773","0.358377","0.359214","0.356783","0.343527","0.330394","0.337358","0.345654",
"0.342386","0.343371","0.346659","0.350424","0.351487","0.348625","0.342927","0.345114",
"0.350170","0.344710","0.337287","0.340226","0.343793","0.337589","0.342421","0.350888",
"0.347784","0.345913","0.352185","0.362470","0.361295","0.345007","0.343127","0.346987",
"0.320390","0.326414","0.330933","0.329494","0.332075","0.324335","0.312551","0.319118",
"0.392724","0.392113","0.382229","0.364840","0.348610","0.338774","0.351131","0.374147",
"0.352624","0.350520","0.349208","0.345664","0.346124","0.347811","0.353511","0.361476",
"0.358056","0.356867","0.352297","0.343101","0.349761","0.351128","0.350024","0.356330",
"0.350644","0.349534","0.346318","0.344676","0.342844","0.335972","0.341506","0.348987",
"0.348434","0.348627","0.346833","0.340464","0.331404","0.326957","0.320768","0.335096",
"0.374302","0.353993","0.340435","0.337964","0.342586","0.353208","0.364546","0.380737",
"0.326866","0.320958","0.325093","0.333716","0.337022","0.334710","0.332425","0.335749",
"0.354848","0.361125","0.359473","0.345516","0.342822","0.339781","0.334907","0.345635",
"0.334614","0.320425","0.321642","0.327945","0.336505","0.334848","0.333841","0.338890",
"0.362622","0.363921","0.358367","0.355025","0.342267","0.338974","0.347297","0.361261",
"0.329341","0.346947","0.361429","0.366429","0.357587","0.346371","0.331641","0.324839",
"0.337005","0.349810","0.366469","0.373727","0.363082","0.337746","0.329472","0.327083",
"0.352899","0.345404","0.343452","0.346632","0.351942","0.351907","0.354644","0.357862",
"0.336754","0.339196","0.342492","0.357224","0.364492","0.357124","0.346790","0.341302",
"0.350210","0.343695","0.331797","0.331602","0.342715","0.357918","0.361614","0.360641",
"0.334531","0.342347","0.355614","0.355917","0.339931","0.325917","0.320059","0.327458",
"0.332349","0.334594","0.333983","0.332446","0.336791","0.345600","0.341284","0.333677",
"0.307831","0.317760","0.331099","0.345541","0.357537","0.353052","0.334791","0.318678",
"0.319714","0.324457","0.339329","0.352244","0.356133","0.348546","0.344193","0.333021",
"0.344022","0.363023","0.367742","0.357867","0.342680","0.314867","0.306843","0.320511",
"0.351961","0.337017","0.347088","0.371033","0.394829","0.400639","0.390046","0.378572",
"0.338564","0.337139","0.343582","0.346868","0.346940","0.344342","0.339869","0.344194",
"0.364937","0.369272","0.370766","0.376741","0.378649","0.367252","0.362975","0.365417",
"0.346134","0.342502","0.346202","0.365105","0.378796","0.378259","0.364852","0.354420",
"0.351183","0.362706","0.377411","0.396270","0.396590","0.375492","0.357254","0.353967",
"0.305033","0.300447","0.315740","0.340632","0.359315","0.360639","0.345321","0.323888",
"0.367114","0.374906","0.364349","0.349468","0.327066","0.327163","0.338127","0.355785",
"0.348487","0.366089","0.361284","0.342169","0.314495","0.291664","0.292832","0.321788",
"0.366845","0.365149","0.356409","0.343149","0.336934","0.342223","0.349689","0.358538",
"0.321772","0.327484","0.329404","0.336969","0.338856","0.327977","0.323848","0.321047",
"0.358657","0.362889","0.364422","0.368553","0.361673","0.343413","0.334883","0.346966",
"0.358677","0.358859","0.358496","0.357444","0.347029","0.338207","0.343236","0.352132",
"0.365914","0.373042","0.372055","0.368087","0.368868","0.366841","0.358571","0.353010",
"0.353912","0.349096","0.354886","0.362191","0.368209","0.363659","0.352312","0.352751",
"0.348915","0.339973","0.339700","0.343224","0.348922","0.352902","0.356798","0.356357",
"0.351849","0.343403","0.338416","0.334463","0.340757","0.342240","0.343839","0.352910",
"0.362305","0.352033","0.350631","0.349710","0.353735","0.352005","0.358141","0.367962",
"0.363451","0.363279","0.349089","0.338301","0.333426","0.330321","0.334166","0.349522",
"0.312427","0.305403","0.312861","0.327845","0.348866","0.353134","0.343163","0.330499",
"0.350575","0.364871","0.366313","0.365641","0.360238","0.346974","0.339105","0.338613",
"0.354562","0.358886","0.359416","0.352452","0.351429","0.349016","0.345364","0.346432",
"0.327943","0.328287","0.338830","0.347032","0.356048","0.359268","0.345526","0.334776",
"0.337363","0.321138","0.307719","0.319295","0.344107","0.361302","0.361194","0.355213",
"0.356765","0.351031","0.355898","0.364444","0.366968","0.365003","0.362801","0.356644",
"0.321251","0.322557","0.330030","0.347324","0.363528","0.362603","0.349196","0.330077",
"0.359862","0.380257","0.383708","0.371451","0.351521","0.329659","0.317103","0.334348",
"0.352930","0.339821","0.335236","0.349188","0.368014","0.367917","0.364235","0.362061",
"0.353967","0.356989","0.360015","0.360899","0.365803","0.353414","0.339813","0.351180",
"0.350102","0.335885","0.337595","0.345130","0.354794","0.353084","0.348618","0.356982",
"0.340032","0.329669","0.318094","0.316124","0.322076","0.336092","0.342400","0.344026",
"0.333165","0.347339","0.362819","0.367940","0.346897","0.323482","0.311650","0.318290",
"0.351481","0.349372","0.350052","0.349123","0.351204","0.346410","0.336107","0.342815",
"0.347510","0.351870","0.351302","0.349704","0.349811","0.337353","0.332873","0.340235",
"0.328115","0.312966","0.316878","0.340250","0.365824","0.366100","0.351622","0.340661",
"0.372296","0.362920","0.345880","0.337165","0.345721","0.349809","0.350287","0.363989",
"0.352160","0.355722","0.351587","0.343542","0.330449","0.318189","0.319338","0.334040",
"0.377275","0.356595","0.336542","0.327530","0.336260","0.353866","0.378011","0.390292",
"0.353146","0.327885","0.314318","0.320410","0.332930","0.342311","0.355048","0.366028",
"0.359548","0.355651","0.342071","0.326595","0.314590","0.317061","0.331464","0.350240",
"0.339069","0.348276","0.356976","0.356401","0.348342","0.327636","0.312624","0.322334",
"0.360869","0.375090","0.368004","0.350803","0.335185","0.320260","0.327372","0.345352",
"0.357274","0.352678","0.351803","0.357314","0.365147","0.363147","0.360518","0.358586",
"0.322820","0.324104","0.343837","0.366009","0.379069","0.377283","0.361138","0.341224",
"0.337431","0.333595","0.332031","0.330238","0.330151","0.337486","0.344484","0.348415",
"0.316715","0.333801","0.341212","0.338544","0.328281","0.313359","0.299429","0.302961",
"0.335663","0.326321","0.316573","0.315173","0.324955","0.333314","0.333154","0.337167",
"0.355692","0.363057","0.370354","0.377012","0.386549","0.377162","0.363006","0.351863",
"0.314252","0.316110","0.315385","0.316343","0.318507","0.310917","0.303468","0.306869",
"0.360537","0.378125","0.372452","0.355463","0.335251","0.312504","0.308838","0.329987",
"0.342379","0.344377","0.338133","0.324170","0.323058","0.321126","0.322191","0.332101",
"0.339673","0.334983","0.344034","0.363263","0.380259","0.375424","0.370830","0.358310",
"0.367397","0.348776","0.319035","0.302354","0.307066","0.320900","0.344660","0.364272",
"0.319281","0.331464","0.353993","0.362559","0.352097","0.338020","0.323891","0.320301",
"0.348719","0.354095","0.356570","0.351506","0.342588","0.330131","0.323695","0.336284",
"0.353842","0.360098","0.352815","0.339242","0.318793","0.295439","0.301619","0.331701",
"0.354385","0.360294","0.370503","0.369415","0.361051","0.360757","0.357141","0.355064",
"0.366175","0.368852","0.376574","0.381899","0.383863","0.381559","0.376008","0.367285",
"0.310776","0.334472","0.353043","0.364312","0.364940","0.345472","0.317793","0.303359",
"0.294153","0.294381","0.310640","0.336145","0.347217","0.346244","0.329694","0.312890",
"0.303312","0.294413","0.304570","0.328401","0.345487","0.346504","0.340670","0.328295",
"0.332387","0.336860","0.338038","0.343649","0.346428","0.339071","0.333120","0.330534",
"0.343556","0.339709","0.339727","0.347171","0.344063","0.335690","0.325026","0.331785",
"0.334726","0.335999","0.337420","0.345228","0.356197","0.359102","0.350592","0.345430",
"0.358236","0.359360","0.359399","0.350528","0.339425","0.326861","0.334033","0.351336",
"0.361486","0.370944","0.369924","0.364426","0.354372","0.347611","0.342511","0.345727",
"0.321187","0.324775","0.328259","0.341730","0.355607","0.351513","0.337349","0.325293",
"0.354725","0.355965","0.347745","0.333589","0.329928","0.324171","0.329768","0.347425",
"0.343121","0.355724","0.364901","0.364552","0.359542","0.345996","0.335357","0.336118",
"0.330061","0.327645","0.319991","0.311092","0.302926","0.298752","0.310555","0.328993",
"0.348664","0.350900","0.344955","0.338870","0.335203","0.339760","0.347387","0.349954",
"0.337839","0.349193","0.357687","0.361166","0.354325","0.337352","0.313871","0.320001",
"0.337289","0.339587","0.347275","0.346907","0.349959","0.347387","0.342030","0.340143",
"0.356851","0.352045","0.342383","0.334000","0.330821","0.334422","0.349682","0.358456",
"0.338738","0.324032","0.329972","0.342231","0.354772","0.353014","0.351940","0.349928",
"0.347973","0.361948","0.357310","0.345269","0.332380","0.336705","0.335268","0.333424",
"0.361258","0.362342","0.358298","0.355805","0.361961","0.362998","0.363899","0.364026",
"0.344888","0.356799","0.366998","0.386872","0.401558","0.386949","0.360493","0.346332",
"0.351521","0.368962","0.382780","0.387866","0.374740","0.347174","0.329917","0.333009",
"0.353116","0.357538","0.346609","0.331933","0.311781","0.301593","0.302828","0.329706",
"0.365118","0.357567","0.355512","0.359516","0.364882","0.368951","0.369336","0.370182",
"0.328829","0.329436","0.354235","0.385326","0.398650","0.386074","0.359088","0.336162",
"0.344140","0.367636","0.384541","0.394182","0.393738","0.369818","0.346122","0.335623",
"0.369895","0.358656","0.357748","0.357266","0.360311","0.354049","0.362329","0.370974",
"0.385331","0.366227","0.352202","0.343304","0.347136","0.361921","0.382504","0.396857",
"0.331919","0.343997","0.352031","0.362003","0.356766","0.339974","0.326189","0.325389",
"0.356577","0.377291","0.387726","0.389515","0.389267","0.375446","0.357369","0.349722",
"0.367353","0.367233","0.368297","0.374575","0.372873","0.362854","0.356635","0.358019",
"0.346943","0.355093","0.356534","0.356307","0.347703","0.343706","0.336741","0.344617",
"0.346954","0.325757","0.313140","0.324634","0.344570","0.361994","0.367703","0.361563",
"0.351171","0.341385","0.345561","0.359058","0.366307","0.361634","0.352724","0.357276",
"0.340126","0.315580","0.306449","0.312919","0.327926","0.339672","0.343615","0.350111",
"0.352007","0.351656","0.345058","0.346746","0.358405","0.359765","0.357587","0.358624",
"0.349320","0.352160","0.361564","0.368503","0.370879","0.362601","0.356239","0.355721",
"0.361740","0.358010","0.366527","0.382593","0.394119","0.392438","0.386366","0.378481",
"0.359195","0.347106","0.338555","0.330687","0.322586","0.333214","0.352261","0.361007",
"0.367056","0.352195","0.354941","0.360218","0.364508","0.367730","0.372481","0.375095",
"0.347102","0.343451","0.339027","0.355958","0.370236","0.372063","0.369515","0.361171",
"0.322593","0.316414","0.315086","0.325249","0.326243","0.321561","0.322573","0.328547",
"0.356300","0.353104","0.358318","0.362106","0.374119","0.373990","0.368208","0.364370",
"0.349338","0.346862","0.346693","0.346175","0.338626","0.323870","0.328056","0.338305",
"0.374096","0.378845","0.371735","0.359069","0.339308","0.328746","0.332946","0.356916",
"0.361695","0.350644","0.337376","0.326945","0.326388","0.334406","0.344180","0.356892",
"0.330665","0.341234","0.350126","0.360392","0.365163","0.356496","0.348094","0.333317",
"0.330873","0.319978","0.330860","0.350112","0.371850","0.375028","0.371871","0.361645",
"0.344763","0.347433","0.346254","0.337277","0.325842","0.328834","0.335884","0.340955",
"0.306886","0.312447","0.341047","0.358773","0.358395","0.338138","0.319579","0.311618",
"0.352536","0.356539","0.352288","0.346377","0.347372","0.355178","0.356232","0.356257",
"0.349161","0.354825","0.352199","0.346881","0.342091","0.341268","0.339883","0.343493",
"0.347659","0.341022","0.339160","0.351661","0.352103","0.344562","0.344026","0.349038",
"0.337827","0.341045","0.342522","0.353115","0.362326","0.355153","0.340775","0.334549",
"0.341502","0.348631","0.346617","0.343302","0.339586","0.329983","0.324087","0.332773",
"0.354472","0.349986","0.345945","0.346844","0.350828","0.353115","0.356822","0.358529",
"0.335237","0.334860","0.338717","0.345631","0.349124","0.347029","0.345673","0.344499",
"0.357032","0.338845","0.321175","0.322600","0.337847","0.349834","0.361125","0.362908",
"0.338231","0.328848","0.313189","0.317435","0.332886","0.339961","0.341585","0.344013",
"0.319304","0.325246","0.332752","0.334747","0.327459","0.318907","0.310203","0.312035",
"0.309585","0.319260","0.325271","0.337122","0.340191","0.325348","0.309834","0.308091",
"0.342312","0.358137","0.385822","0.403900","0.403303","0.387413","0.361275","0.342782",
"0.345108","0.351565","0.359249","0.361081","0.357579","0.339951","0.325315","0.329750",
"0.324631","0.330227","0.342697","0.357066","0.358980","0.348505","0.336960","0.328531",
"0.359414","0.357433","0.366945","0.379129","0.393254","0.389466","0.380574","0.368317",
"0.358223","0.362124","0.365984","0.371801","0.378650","0.369986","0.357496","0.354290",
"0.339494","0.338055","0.351316","0.365555","0.366011","0.362258","0.353615","0.347095",
"0.337313","0.326248","0.325077","0.330889","0.343279","0.352899","0.354092","0.351923",
"0.364509","0.349647","0.335526","0.339894","0.349802","0.352365","0.354307","0.364352",
"0.331773","0.310104","0.317492","0.340134","0.361536","0.379585","0.377444","0.360188",
"0.371673","0.365415","0.353381","0.351072","0.345982","0.340366","0.348589","0.363405",
"0.345166","0.348793","0.352680","0.345641","0.333667","0.329170","0.334248","0.343395",
"0.317373","0.339215","0.358912","0.367309","0.356606","0.332172","0.310847","0.303709",
"0.366858","0.371932","0.361987","0.359958","0.354137","0.357207","0.357938","0.361869",
"0.359862","0.354629","0.352745","0.353123","0.347052","0.349705","0.355703","0.363399",
"0.337871","0.344245","0.363405","0.366719","0.373590","0.370894","0.360769","0.349694",
"0.338133","0.326306","0.331044","0.338354","0.344920","0.348677","0.350462","0.349164",
"0.376294","0.361284","0.348168","0.342898","0.342429","0.347050","0.354799","0.377186",
"0.325944","0.329860","0.351999","0.370139","0.370781","0.357260","0.338918","0.329006",
"0.348815","0.362687","0.366501","0.365942","0.362581","0.348060","0.337421","0.336671",
"0.351440","0.341297","0.333004","0.326282","0.333909","0.342258","0.354104","0.358564",
"0.327159","0.334825","0.362625","0.381007","0.381043","0.364694","0.348940","0.335580",
"0.349748","0.362223","0.361106","0.354915","0.345453","0.331510","0.329666","0.337831",
"0.316009","0.320029","0.346413","0.373289","0.379850","0.358527","0.338451","0.324768",
"0.348826","0.357398","0.366679","0.371568","0.376449","0.367579","0.358596","0.356460",
"0.374848","0.363891","0.364947","0.369569","0.373018","0.377383","0.378619","0.380462",
"0.325663","0.332609","0.341397","0.351650","0.355190","0.349318","0.334785","0.323313",
"0.342039","0.329055","0.327225","0.334310","0.344868","0.349087","0.352564","0.355190",
"0.378431","0.373886","0.359507","0.342889","0.338262","0.338910","0.352590","0.371658",
"0.346601","0.356568","0.366277","0.373349","0.368405","0.352179","0.334345","0.335040",
"0.338805","0.340314","0.344953","0.366275","0.382440","0.378297","0.359796","0.347081",
"0.337287","0.336218","0.341779","0.354692","0.361309","0.349094","0.335546","0.334948",
"0.372019","0.353968","0.352856","0.357680","0.377969","0.392228","0.394556","0.386564",
"0.334133","0.342689","0.341844","0.331433","0.324071","0.309700","0.300399","0.315441",
"0.361160","0.355687","0.353283","0.356638","0.361844","0.359007","0.356017","0.363679",
"0.344080","0.347916","0.341093","0.331740","0.323556","0.322923","0.328070","0.334048",
"0.324321","0.325081","0.331984","0.352556","0.362084","0.352842","0.334288","0.329972",
"0.339807","0.346632","0.352658","0.353161","0.349482","0.344721","0.343548","0.340365",
"0.317455","0.339006","0.367106","0.388555","0.391739","0.373790","0.341047","0.319773",
"0.362240","0.363052","0.356779","0.347142","0.343469","0.346521","0.349908","0.354224",
"0.331804","0.337335","0.336602","0.331112","0.326209","0.320070","0.317444","0.325891",
"0.364109","0.362986","0.364250","0.371017","0.373894","0.370252","0.364749","0.368536",
"0.339827","0.360862","0.370735","0.365853","0.356598","0.342361","0.335544","0.329048",
"0.328234","0.354482","0.376227","0.387120","0.383273","0.363758","0.337520","0.322236",
"0.337570","0.342394","0.352073","0.353414","0.340633","0.327487","0.321633","0.330892",
"0.330532","0.342501","0.350256","0.349870","0.345681","0.336779","0.328806","0.327887",
"0.345713","0.358905","0.366302","0.368940","0.369889","0.356395","0.347801","0.344353",
"0.302918","0.319886","0.331554","0.337635","0.327503","0.298649","0.284123","0.290012",
"0.352001","0.361854","0.357104","0.352894","0.347033","0.336302","0.332199","0.339536",
"0.349461","0.347332","0.340208","0.345920","0.356908","0.366331","0.363191","0.360840",
"0.371187","0.366906","0.353724","0.343819","0.348634","0.371665","0.377346","0.369766",
"0.347340","0.326091","0.326989","0.332559","0.349314","0.365564","0.369716","0.367251",
"0.349172","0.336543","0.349493","0.383598","0.410389","0.406729","0.390076","0.371158",
"0.364135","0.348630","0.330920","0.332513","0.343531","0.361074","0.370802","0.374140",
"0.339726","0.320175","0.322582","0.331779","0.343916","0.353435","0.358770","0.353476",
"0.342256","0.353230","0.361258","0.360368","0.360968","0.354058","0.337905","0.335567",
"0.322157","0.322007","0.334334","0.349728","0.353806","0.349387","0.342234","0.334163",
"0.347600","0.353973","0.368388","0.383322","0.382294","0.365517","0.353779","0.349780",
"0.289974","0.300759","0.314764","0.332141","0.345201","0.342236","0.321423","0.299813",
"0.318642","0.320711","0.323515","0.324363","0.326608","0.323923","0.319684","0.319398",
"0.308423","0.317162","0.333732","0.351727","0.360644","0.359449","0.345208","0.323510",
"0.359660","0.360865","0.364972","0.367435","0.361235","0.341830","0.334874","0.344010",
"0.327012","0.354943","0.366199","0.359796","0.335796","0.309911","0.298262","0.301452",
"0.325339","0.333500","0.337516","0.331600","0.334124","0.326284","0.321442","0.319601",
"0.329091","0.330378","0.341692","0.357269","0.361676","0.356224","0.344609","0.339586",
"0.340541","0.347149","0.353450","0.346354","0.344471","0.341093","0.337642","0.336002",
"0.361443","0.366037","0.363490","0.360075","0.365159","0.353985","0.343056","0.347167",
"0.368960","0.353057","0.337394","0.333482","0.351295","0.364849","0.370198","0.372857",
"0.355737","0.374391","0.383860","0.380434","0.368409","0.348620","0.341784","0.345882",
"0.329242","0.333339","0.343700","0.351290","0.349284","0.344534","0.343465","0.335158",
"0.339676","0.331204","0.327022","0.338645","0.344499","0.347870","0.344050","0.342065",
"0.369648","0.366191","0.353475","0.345715","0.337795","0.332907","0.338749","0.359376",
"0.340440","0.314890","0.299977","0.310702","0.330110","0.347759","0.354784","0.357727",
"0.372562","0.365701","0.350029","0.341396","0.331068","0.324805","0.343230","0.366417",
"0.339468","0.352084","0.358227","0.359293","0.348823","0.338627","0.330940","0.328438",
"0.332287","0.325152","0.329220","0.345461","0.359963","0.360981","0.350295","0.342849",
"0.359651","0.360485","0.369087","0.373411","0.372789","0.367370","0.362312","0.358265",
"0.341730","0.353007","0.359676","0.357664","0.347412","0.332944","0.325217","0.329592",
"0.347039","0.342288","0.344254","0.352885","0.364103","0.358886","0.348764","0.350992",
"0.350897","0.341854","0.342535","0.343117","0.339987","0.343036","0.353535","0.361175",
"0.354554","0.362796","0.360123","0.355156","0.346461","0.328414","0.323659","0.338566",
"0.350808","0.344619","0.347020","0.365637","0.370256","0.373506","0.368952","0.364492",
"0.357408","0.344794","0.331083","0.324995","0.345995","0.362514","0.365325","0.364802",
"0.347271","0.355347","0.360470","0.364687","0.362115","0.346198","0.338785","0.339646",
"0.336842","0.327124","0.325938","0.339775","0.353434","0.354760","0.352023","0.348676",
"0.344545","0.336387","0.336689","0.352536","0.369322","0.377693","0.371986","0.359769",
"0.348094","0.355139","0.377126","0.390071","0.392835","0.382759","0.365933","0.354513",
"0.353022","0.330868","0.318824","0.317053","0.324221","0.337155","0.350874","0.360478",
"0.317240","0.350109","0.373908","0.380536","0.361750","0.327815","0.296322","0.298392",
"0.325014","0.324523","0.324156","0.324932","0.327688","0.327320","0.324555","0.325713",
"0.339449","0.338947","0.333347","0.325850","0.322113","0.320438","0.328462","0.339245",
"0.373712","0.356764","0.341780","0.335217","0.342739","0.355403","0.376271","0.383989",
"0.332583","0.321163","0.326829","0.333789","0.343422","0.355052","0.358810","0.349105",
"0.323718","0.327395","0.333030","0.332746","0.330695","0.328270","0.322158","0.322749",
"0.356150","0.369357","0.369179","0.356642","0.340322","0.327183","0.327221","0.342786",
"0.328181","0.333302","0.344491","0.359202","0.364683","0.353193","0.344693","0.336839",
"0.341081","0.346164","0.347867","0.350794","0.350141","0.342642","0.338409","0.335538",
"0.339322","0.334815","0.327770","0.325038","0.342105","0.359977","0.353282","0.344356",
"0.324076","0.336787","0.349163","0.352885","0.352313","0.338225","0.322419","0.315544",
"0.370819","0.354506","0.335646","0.321346","0.312849","0.315936","0.337719","0.365193",
"0.375826","0.361678","0.335936","0.312326","0.310740","0.324722","0.348778","0.372306",
"0.335673","0.330706","0.327892","0.329777","0.342205","0.346082","0.347823","0.343530",
"0.351176","0.355741","0.346634","0.337466","0.327667","0.318756","0.315702","0.334150",
"0.314102","0.334753","0.357681","0.369466","0.363431","0.347629","0.331249","0.318223",
"0.363959","0.370587","0.364773","0.358742","0.350491","0.341831","0.341594","0.355430",
"0.332964","0.312201","0.298417","0.304081","0.324738","0.338109","0.341572","0.342986",
"0.349359","0.347446","0.346754","0.354258","0.362632","0.353794","0.345896","0.346043",
"0.376697","0.373155","0.366178","0.350598","0.341000","0.347075","0.361970","0.374338",
"0.380116","0.369933","0.352047","0.329045","0.313045","0.316176","0.345815","0.378104",
"0.355236","0.360304","0.358415","0.369714","0.384337","0.381052","0.368068","0.354382",
"0.363039","0.356542","0.349197","0.345272","0.351135","0.349781","0.352897","0.360907",
"0.330390","0.355393","0.375893","0.373927","0.346792","0.326358","0.315308","0.318335",
"0.330253","0.341805","0.348630","0.353737","0.351366","0.336318","0.316702","0.318067",
"0.344101","0.336529","0.326130","0.320847","0.332321","0.336071","0.336811","0.343709",
"0.347765","0.341036","0.329149","0.330855","0.342196","0.353521","0.351562","0.353989",
"0.327903","0.308123","0.295747","0.296889","0.310392","0.319536","0.326605","0.336382",
"0.342673","0.354778","0.367740","0.370800","0.363970","0.353207","0.333536","0.332639",
"0.360502","0.348443","0.333706","0.332091","0.337687","0.351090","0.357960","0.364465",
"0.333520","0.338706","0.345737","0.348851","0.344060","0.332370","0.327873","0.329573",
"0.357604","0.347882","0.343868","0.357331","0.381302","0.388764","0.378804","0.369480",
"0.344140","0.346222","0.349943","0.358386","0.355878","0.347540","0.341806","0.343757",
"0.319324","0.322334","0.334313","0.335749","0.339336","0.337812","0.328783","0.318487",
"0.322371","0.322513","0.329250","0.338220","0.347281","0.343625","0.335298","0.329734",
"0.354240","0.368804","0.372064","0.360756","0.341756","0.324250","0.320897","0.335245",
"0.348441","0.340281","0.338468","0.347921","0.360465","0.360652","0.354120","0.358000",
"0.370032","0.380713","0.374479","0.346210","0.324285","0.312373","0.317829","0.346153",
"0.350670","0.358374","0.353232","0.343032","0.330678","0.315521","0.313573","0.329363",
"0.329946","0.317793","0.318556","0.326295","0.335515","0.338475","0.337010","0.339002",
"0.376280","0.372274","0.345093","0.318202","0.307007","0.309993","0.328603","0.360402",
"0.348870","0.361079","0.357984","0.357358","0.347528","0.330226","0.322856","0.332867",
"0.344733","0.348581","0.353317","0.359094","0.350861","0.339378","0.330460","0.336383",
"0.355451","0.357211","0.352431","0.348651","0.359289","0.373420","0.380880","0.374148",
"0.353072","0.365382","0.367132","0.362774","0.354862","0.346146","0.339174","0.341535",
"0.360097","0.366111","0.366824","0.366311","0.365200","0.354813","0.347329","0.349363",
"0.347325","0.346850","0.353721","0.346125","0.338767","0.326579","0.332109","0.346095",
"0.367918","0.361851","0.363743","0.365691","0.361078","0.364916","0.361738","0.364451",
"0.346788","0.343914","0.332928","0.318466","0.308227","0.301415","0.323165","0.342903",
"0.378240","0.379606","0.365404","0.347822","0.339977","0.336304","0.342422","0.366864",
"0.343544","0.345024","0.349167","0.355364","0.356408","0.356088","0.353028","0.348126",
"0.354818","0.346663","0.336938","0.332876","0.327731","0.326379","0.336443","0.351694",
"0.363309","0.377539","0.376245","0.373073","0.362373","0.352387","0.349324","0.352888",
"0.334653","0.341436","0.342665","0.340037","0.326798","0.320509","0.327124","0.332689",
"0.333779","0.323081","0.332600","0.347946","0.354881","0.353027","0.349677","0.340487",
"0.372281","0.363968","0.352677","0.346587","0.347444","0.349523","0.354712","0.368834",
"0.352155","0.352474","0.357689","0.367638","0.381375","0.374367","0.360636","0.354097",
"0.323038","0.351508","0.371359","0.374004","0.354886","0.333734","0.316607","0.310801",
"0.362587","0.348385","0.333439","0.329223","0.341665","0.355009","0.366224","0.371540",
"0.326196","0.334184","0.341383","0.339892","0.331130","0.327888","0.327616","0.324797",
"0.345999","0.350262","0.352714","0.353300","0.341280","0.337156","0.334951","0.335324",
"0.354277","0.345433","0.342043","0.341762","0.345211","0.352080","0.354637","0.360585",
"0.344171","0.339503","0.335017","0.340650","0.342257","0.344392","0.351553","0.352693",
"0.357877","0.357024","0.351756","0.349818","0.344351","0.336398","0.338890","0.352420",
"0.347295","0.348678","0.351899","0.360492","0.363400","0.358473","0.348071","0.346575",
"0.381413","0.386844","0.376000","0.356418","0.349618","0.347419","0.354241","0.368145",
"0.354352","0.364973","0.357170","0.350604","0.346978","0.338426","0.336500","0.345624",
"0.354451","0.349319","0.359001","0.366663","0.366378","0.358787","0.359400","0.359639",
"0.344821","0.345238","0.343487","0.354468","0.369061","0.370899","0.361259","0.350447",
"0.335875","0.322647","0.318528","0.316699","0.325011","0.329677","0.336019","0.341599",
"0.347347","0.340967","0.334126","0.330327","0.331756","0.335610","0.337871","0.345453",
"0.351287","0.345312","0.345723","0.352244","0.359829","0.365745","0.370005","0.365210",
"0.328786","0.335684","0.349011","0.354747","0.353609","0.340700","0.331012","0.329239",
"0.325039","0.304824","0.301743","0.313314","0.327716","0.341260","0.349137","0.344606",
"0.325785","0.325339","0.327455","0.332406","0.332704","0.322771","0.311120","0.315179",
"0.313426","0.331780","0.349743","0.354849","0.358208","0.347668","0.332713","0.320035",
"0.364369","0.361078","0.358005","0.351198","0.341119","0.332087","0.338110","0.355387",
"0.355463","0.360720","0.360075","0.348453","0.329881","0.321003","0.321415","0.339276",
"0.357760","0.358658","0.359118","0.370499","0.376729","0.371701","0.369107","0.365146",
"0.372274","0.363289","0.355046","0.355375","0.362523","0.366005","0.371990","0.374826",
"0.344667","0.347085","0.346931","0.343423","0.340139","0.340582","0.340884","0.346522",
"0.352106","0.350626","0.345935","0.357219","0.357013","0.341586","0.337195","0.349377",
"0.360210","0.361209","0.348324","0.330583","0.313065","0.307670","0.325904","0.345057",
"0.303712","0.298682","0.307502","0.320467","0.322321","0.316280","0.306029","0.305725",
"0.355761","0.360593","0.358834","0.355140","0.348419","0.341002","0.337951","0.344878",
"0.351076","0.362739","0.363083","0.362975","0.367736","0.367389","0.365255","0.357463",
"0.319577","0.332125","0.354257","0.372586","0.375167","0.360375","0.336042","0.326432",
"0.325999","0.339776","0.362115","0.370127","0.360635","0.343136","0.325405","0.322084",
"0.347651","0.344312","0.352150","0.359571","0.365820","0.362819","0.358335","0.355775",
"0.358502","0.361338","0.357663","0.344854","0.325524","0.316396","0.323772","0.343429",
"0.336341","0.340271","0.343445","0.340472","0.333984","0.323497","0.325428","0.332738",
"0.328034","0.345406","0.367822","0.377678","0.371418","0.355394","0.334712","0.320341",
"0.311847","0.321106","0.338496","0.341983","0.340284","0.336074","0.323992","0.311998",
"0.331486","0.347611","0.359196","0.365414","0.355101","0.324990","0.313843","0.319904",
"0.348644","0.332605","0.318762","0.317899","0.323822","0.332427","0.345195","0.351050",
"0.341112","0.333058","0.338741","0.346003","0.345568","0.342559","0.345933","0.349284",
"0.345368","0.335799","0.334442","0.341743","0.344213","0.353107","0.357397","0.354653",
"0.334511","0.346350","0.344713","0.334408","0.336378","0.330506","0.321076","0.323205",
